EXTERIOR,,INTERIOR,YEAR,VIN,,,Package Codes,PACKAGES,MSRP,PROD.,,,DEALER NAME,Port,Carrier,VPC,Details,V-Spec,Sticker,Invoice,VIN fill done Sun Aug 10 2025 11:35:08 GMT-0500 (Central Daylight Time)
300 - Alpine White,,NCSW - Black Novillo Leather,2010,WBSPM9C53AE201970,C55,E201970,"MSRP.1,ZPP.3,ZTP,2MK,2MT.1,403,494,6FL,752",,"$70,775.00",,,2010 m3 VIN #1,BMW of Monterey,,,,,,,,
A30 - Interlagos Blue Metallic,,GEAT - Anthracite/Black Cloth & Leather,2010,WBSPM9C55AE201971,C55,E201971,"MSRP.1,ZCW,ZPP.3,ZTP,2MK,6FL",,"$67,675.00",10-01-2009,550,,BMWNA WORKSHOP EAST ,,,,,,,,
A75 - Melbourne Red Metallic,,GEAT - Anthracite/Black Cloth & Leather,2010,WBSPM9C57AE201972,C55,E201972,"MSRP.1,ZCW,ZPP.3,ZTP,403,6FL,655,752",,"$68,075.00",10-08-2009,550,,,,,,,,,,
381 - Le Mans Blue Metallic,,GEAT - Anthracite/Black Cloth & Leather,2010,WBSPM9C59AE201973,C55,E201973,"MSRP.1,ZCW,ZPP.3,ZTP,2MK,6FL,655,752",,"$69,925.00",,550,,,,,,,,,,
A52 - Space Gray Metallic,,NDH2 - Fox Red Extended Leather,2010,WBSPM9C50AE201974,C55,E201974,"MSRP.1,ZCW,ZTP,2MK,403,639,6FL,6NF,771",,"$69,625.00",09-01-2009,550/2000,,,,,,,,,,
300 - Alpine White,,NCSW - Black Novillo Leather,2010,WBSPM9C52AE201975,C55,E201975,"MSRP.1,ZCW,ZPP.3,ZTP,2MK,2MT.1,302,403,417,507,5AC,6FL,655,752",,"$73,230.00",,,,,,,,,,,,
300 - Alpine White,,NCSW - Black Novillo Leather,2010,WBSPM9C54AE201976,C55,E201976,"MSRP.1,ZPP.3,ZTP,6FL",,"$63,225.00",,,,,,,,,,,,
A73 - Jerez Black Metallic,,NCSW - Black Novillo Leather,2010,WBSPM9C56AE201977,C55,E201977,"MSRP.1,ZPP.3,ZTP,2MK,2MT.1,403,507,6FL,655",,"$69,655.00",,550,,BMW of Henderson,,,,,,,,
668 - Jet Black,,NDH2 - Fox Red Extended Leather,2010,WBSPM9C58AE201978,C55,E201978,"MSRP.1,ZPP.1,ZTP,2MT.1,494,655",,"$65,975.00",,1100,,,,,,,,,,
A52 - Space Gray Metallic,,NCH2 - FOX RED NOVILLO,2010,WBSPM9C5XAE201979,C55,E201979,"MSRP.1,ZCW,ZPP.3,ZTP,2MK,2MT.1,6FL,6NF,655",,"$69,375.00",,550,,Leith BMW Rolls-Royce Motor Cars Raleigh,,,,,,,,
A52 - Space Gray Metallic,,GEAT - Anthracite/Black Cloth & Leather,2010,WBSPM9C56AE201980,C55,E201980,"MSRP.1,ZTP,2MK,507,6FL,771",,"$65,055.00",,550,MILITARY,Autohaus Krauth GmbH & Co. KG,,,,,,,,
300 - Alpine White,,NCSW - Black Novillo Leather,2010,WBSPM9C58AE201981,C55,E201981,"MSRP.1,ZPP.2,ZTP,2MK,2MT.1,403,465,6FL,6NF,655,752",,"$71,250.00",,,,BMW North Scottsdale,,,,,,,,
300 - Alpine White,,NCSW - Black Novillo Leather,2010,WBSPM9C5XAE201982,C55,E201982,"MSRP.1,ZPP.3,ZTP,2MK,2MT.1,403,494,6FL,6NF,752",,"$70,925.00",,,,,,,,,,,,
300 - Alpine White,,NCSW - Black Novillo Leather,2010,WBSPM9C51AE201983,C55,E201983,"MSRP.1,ZPP.3,ZTP,302,417,507,6FL,655,752",,"$66,830.00",,,,"Braman BMW, MIAMI",,,,,,,,
381 - Le Mans Blue Metallic,,NDH3 - Beige Novillo Extended Leather,2010,WBSPM9C53AE201984,C55,E201984,"MSRP.1,ZCW,ZPP.2,ZTP,2MK,2MT.1,302,403,417,507,5AC,6FL,6NF,655,752",,"$75,030.00",,550/1100,,Shelly BMW,,,,,,,,
A30 - Interlagos Blue Metallic,,NCSW - Black Novillo Leather,2010,WBSPM9C55AE201985,C55,E201985,"MSRP.1,ZPP.3,ZTP,2MK,2MT.1,302,403,417,507,6FL,6NF,655,752",,"$72,680.00",,550,,,,,,,,,,
A73 - Jerez Black Metallic,,NCSW - Black Novillo Leather,2010,WBSPM9C57AE201986,C55,E201986,"MSRP.1,ZCW,ZPP.3,ZTP,403,507,6FL,655,752",,"$68,455.00",,550,,BMW Gallery,,,,,,,,
A30 - Interlagos Blue Metallic,,NCH1 - Silver Novillo Leather,2010,WBSPM9C59AE201987,C55,E201987,"MSRP.1,ZPP.3,ZTP,403,507,6FL,752",,"$67,105.00",,550,EURO DELIVERY/MILITARY,Autohaus Karl + Co. GmbH,,,,,,,,
,,GEAT - Anthracite/Black Cloth & Leather,2010,WBSPM9C59BE201988,C55,E201988,unknown,,"$2,175.00",,,,,,,,,,,,
A73 - Jerez Black Metallic,,NCH2 - FOX RED NOVILLO,2010,WBSPM9C52AE201989,C55,E201989,"MSRP.1,ZPP.3,ZTP,2MK,2MT.1,507,6FL",,"$68,255.00",,550,,,,,,,,,,
300 - Alpine White,,NCH3 - Beige Novillo Leather,2010,WBSPM9C59AE201990,C55,E201990,"MSRP.1,ZPP.3,ZTP,2MK,2MT.1,494,507,6FL,6NF",,"$68,355.00",,,,Autobahn Motorcars,,,,,,,,
A52 - Space Gray Metallic,,GEAT - Anthracite/Black Cloth & Leather,2010,WBSPM9C50AE201991,C55,E201991,"MSRP.1,2MK,302,403,465,771",,"$62,950.00",,550,EURO DELIVERY/MILITARY,,,,,,,,,
300 - Alpine White,,GEAT - Anthracite/Black Cloth & Leather,2010,WBSPM9C52AE201992,C55,E201992,"MSRP.1,223,2MT.1,4MY",,"$60,275.00",,,,,,,,,,,,
300 - Alpine White,,NDH2 - Fox Red Extended Leather,2010,WBSPM9C54AE201993,C55,E201993,"MSRP.1,ZCW,ZPP.3,ZTP,2MK,2MT.1,302,403,417,6FL,6NF,655,752",,"$73,850.00",,1100,,BMW of Dallas,,,,,,,,
300 - Alpine White,,NCH2 - FOX RED NOVILLO,2010,WBSPM9C56AE201994,C55,E201994,"MSRP.1,ZPP.3,ZTP,2MK,2MT.1,302,403,507",,"$68,755.00",,,,South Bay BMW MINI,,,,,,,,
381 - Le Mans Blue Metallic,,NDSW - Black Extended Novillo Leather,2010,WBSPM9C58AE201995,C55,E201995,"MSRP.1,ZCW,ZPP.3,ZTP,2MK,2MT.1,302,403,417,507,5AC,6FL,6NF,655,752",,"$75,030.00",,550/1100,,BMW of Freehold ,,,,,,,,
A52 - Space Gray Metallic,,NCSW - Black Novillo Leather,2010,WBSPM9C5XAE201996,C55,E201996,"MSRP.1,ZTP,2MT.1,403,6FL,752,771",,"$66,875.00",,550/950,,New Country BMW,,,,,,,,
A29 - Silverstone Metallic II,,NCH1 - Silver Novillo Leather,2010,WBSPM9C51AE201997,C55,E201997,"MSRP.1,ZCW,ZPP.1,ZTP,2MK,403,507,6FL",,"$69,105.00",,550,EURO DELIVERY/MILITARY,,,,,,,,,
668 - Jet Black,,NDH3 - Beige Novillo Extended Leather,2010,WBSPM9C53AE201998,C55,E201998,"MSRP.1,ZPP.2,ZTP,2MT.1,302,403,465,507,6FL,655,752",,"$70,080.00",,1100,,BMW of Austin,,,,,,,,
A29 - Silverstone Metallic II,,NCH2 - FOX RED NOVILLO,2010,WBSPM9C55AE201999,C55,E201999,"MSRP.1,ZPP.1,ZTP,2MK,2MT.1,302,403,417,507,6FL",,"$70,280.00",,550,,"Vista Motor Company , Pompano Beach",,,,,,,,
A75 - Melbourne Red Metallic,,NCH3 - Beige Novillo Leather,2010,WBSPM9C56AE202000,C55,E202000,"MSRP.1,ZPP.1,ZTP,2MK,2MT.1,403",,"$68,525.00",,550,,"Vista Motor Company/Vista MINI , Coconut Creek",,,,,,,,
300 - Alpine White,,NCSW - Black Novillo Leather,2010,WBSPM9C58AE202001,C55,E202001,2MK,,"$5,075.00",,,,,,,,,,,,
668 - Jet Black,,NCSW - Black Novillo Leather,2010,WBSPM9C5XAE202002,C55,E202002,2MK,,"$5,075.00",,,,,,,,,,,,
A52 - Space Gray Metallic,,NCH2 - FOX RED NOVILLO,2010,WBSPM9C51AE202003,C55,E202003,2MK,,"$5,075.00",,,,,,,,,,,,
668 - Jet Black,,NCH2 - FOX RED NOVILLO,2010,WBSPM9C53AE202004,C55,E202004,2MK,,"$5,075.00",,,,,,,,,,,,
A52 - Space Gray Metallic,,NCSW - Black Novillo Leather,2010,WBSPM9C55AE202005,C55,E202005,,,#VALUE!,,,,,,,,,,,,
A52 - Space Gray Metallic,,NDH2 - Fox Red Extended Leather,2010,WBSPM9C57AE202006,C55,E202006,2MK,,"$5,075.00",,,,,,,,,,,,
300 - Alpine White,,NCH2 - FOX RED NOVILLO,2010,WBSPM9C59AE202007,C55,E202007,,,#VALUE!,,,,,,,,,,,,
668 - Jet Black,,NCSW - Black Novillo Leather,2010,WBSPM9C50AE202008,C55,E202008,2MK,,"$5,075.00",,,,,,,,,,,,
300 - Alpine White,,NCSW - Black Novillo Leather,2010,WBSPM9C52AE202009,C55,E202009,2MK,,"$5,075.00",,,,,,,,,,,,
300 - Alpine White,,NDSW - Black Extended Novillo Leather,2010,WBSPM9C59AE202010,C55,E202010,,,#VALUE!,,,,,,,,,,,,
300 - Alpine White,,NDSW - Black Extended Novillo Leather,2010,WBSPM9C50AE202011,C55,E202011,2MK,,"$5,075.00",,,,,,,,,,,,
A29 - Silverstone Metallic II,,NDSW - Black Extended Novillo Leather,2010,WBSPM9C52AE202012,C55,E202012,2MK,,"$5,075.00",,,,,,,,,,,,
300 - Alpine White,,NCSW - Black Novillo Leather,2010,WBSPM9C54AE202013,C55,E202013,2MK,,"$5,075.00",,,,,,,,,,,,
A73 - Jerez Black Metallic,,NCH3 - Beige Novillo Leather,2010,WBSPM9C56AE202014,C55,E202014,2MK,,"$5,075.00",,,,,,,,,,,,
A75 - Melbourne Red Metallic,,NDH2 - Fox Red Extended Leather,2010,WBSPM9C58AE202015,C55,E202015,2MK,,"$5,075.00",,,,,,,,,,,,
A29 - Silverstone Metallic II,,NCSW - Black Novillo Leather,2010,WBSPM9C5XAE202016,C55,E202016,2MK,,"$5,075.00",,,,,,,,,,,,
A75 - Melbourne Red Metallic,,NCH3 - Beige Novillo Leather,2010,WBSPM9C51AE202017,C55,E202017,,,#VALUE!,,,,,,,,,,,,
A29 - Silverstone Metallic II,,NCH1 - Silver Novillo Leather,2010,WBSPM9C53AE202018,C55,E202018,2MK,,"$5,075.00",,,,,,,,,,,,
A52 - Space Gray Metallic,,NCH2 - FOX RED NOVILLO,2010,WBSPM9C55AE202019,C55,E202019,2MK,,"$5,075.00",,,,,,,,,,,,
381 - Le Mans Blue Metallic,,NCSW - Black Novillo Leather,2010,WBSPM9C51AE202020,C55,E202020,,,#VALUE!,,,,,,,,,,,,
A73 - Jerez Black Metallic,,NCSW - Black Novillo Leather,2010,WBSPM9C53AE202021,C55,E202021,2MK,,"$5,075.00",,,,,,,,,,,,
300 - Alpine White,,NCSW - Black Novillo Leather,2010,WBSPM9C55AE202022,C55,E202022,2MK,,"$5,075.00",,,,,,,,,,,,
A29 - Silverstone Metallic II,,NCSW - Black Novillo Leather,2010,WBSPM9C57AE202023,C55,E202023,2MK,,"$5,075.00",,,,,,,,,,,,
A30 - Interlagos Blue Metallic,,NCH1 - Silver Novillo Leather,2010,WBSPM9C59AE202024,C55,E202024,2MK,,"$5,075.00",,,,,,,,,,,,
668 - Jet Black,,NDH1 - Silver Novillo Extended Leather,2010,WBSPM9C50AE202025,C55,E202025,2MK,,"$5,075.00",,,,,,,,,,,,
A29 - Silverstone Metallic II,,NCH2 - FOX RED NOVILLO,2010,WBSPM9C52AE202026,C55,E202026,2MK,,"$5,075.00",,,,,,,,,,,,
A30 - Interlagos Blue Metallic,,NDSW - Black Extended Novillo Leather,2010,WBSPM9C54AE202027,C55,E202027,2MK,,"$5,075.00",,,,,,,,,,,,
668 - Jet Black,,NCSW - Black Novillo Leather,2010,WBSPM9C56AE202028,C55,E202028,2MK,,"$5,075.00",,,,,,,,,,,,
300 - Alpine White,,NCSW - Black Novillo Leather,2010,WBSPM9C58AE202029,C55,E202029,2MK,,"$5,075.00",,,,,,,,,,,,
381 - Le Mans Blue Metallic,,NCH3 - Beige Novillo Leather,2010,WBSPM9C54AE202030,C55,E202030,,,#VALUE!,,,,,,,,,,,,
300 - Alpine White,,NCSW - Black Novillo Leather,2010,WBSPM9C56AE202031,C55,E202031,2MK,,"$5,075.00",,,,,,,,,,,,
300 - Alpine White,,NCSW - Black Novillo Leather,2010,WBSPM9C58AE202032,C55,E202032,2MK,,"$5,075.00",,,,,,,,,,,,
300 - Alpine White,,NCH1 - Silver Novillo Leather,2010,WBSPM9C5XAE202033,C55,E202033,,,#VALUE!,,,,,,,,,,,,
A30 - Interlagos Blue Metallic,,NCH3 - Beige Novillo Leather,2010,WBSPM9C51AE202034,C55,E202034,2MK,,"$5,075.00",,,,,,,,,,,,
668 - Jet Black,,NCSW - Black Novillo Leather,2010,WBSPM9C53AE202035,C55,E202035,,,#VALUE!,,,,,,,,,,,,
A52 - Space Gray Metallic,,NCSW - Black Novillo Leather,2010,WBSPM9C55AE202036,C55,E202036,2MK,,"$5,075.00",,,,,,,,,,,,
668 - Jet Black,,NDSW - Black Extended Novillo Leather,2010,WBSPM9C57AE202037,C55,E202037,2MK,,"$5,075.00",,,,,,,,,,,,
A52 - Space Gray Metallic,,NCSW - Black Novillo Leather,2010,WBSPM9C59AE202038,C55,E202038,2MK,,"$5,075.00",,,,,,,,,,,,
A73 - Jerez Black Metallic,,NCSW - Black Novillo Leather,2010,WBSPM9C50AE202039,C55,E202039,2MK,,"$5,075.00",,,,,,,,,,,,
A73 - Jerez Black Metallic,,NDSW - Black Extended Novillo Leather,2010,WBSPM9C57AE202040,C55,E202040,2MK,,"$5,075.00",,,,,,,,,,,,
A73 - Jerez Black Metallic,,NCSW - Black Novillo Leather,2010,WBSPM9C59AE202041,C55,E202041,2MK,,"$5,075.00",,,,,,,,,,,,
A30 - Interlagos Blue Metallic,,NCSW - Black Novillo Leather,2010,WBSPM9C50AE202042,C55,E202042,,,#VALUE!,,,,,,,,,,,,
A52 - Space Gray Metallic,,NCSW - Black Novillo Leather,2010,WBSPM9C52AE202043,C55,E202043,2MK,,"$5,075.00",,,,,,,,,,,,
A52 - Space Gray Metallic,,NCH2 - FOX RED NOVILLO,2010,WBSPM9C54AE202044,C55,E202044,2MK,,"$5,075.00",,,,,,,,,,,,
300 - Alpine White,,NDH2 - Fox Red Extended Leather,2010,WBSPM9C56AE202045,C55,E202045,,,#VALUE!,,,,,,,,,,,,
300 - Alpine White,,NCH1 - Silver Novillo Leather,2010,WBSPM9C58AE202046,C55,E202046,2MK,,"$5,075.00",,,,,,,,,,,,
300 - Alpine White,,NCSW - Black Novillo Leather,2010,WBSPM9C5XAE202047,C55,E202047,2MK,,"$5,075.00",,,,,,,,,,,,
300 - Alpine White,,NCSW - Black Novillo Leather,2010,WBSPM9C51AE202048,C55,E202048,2MK,,"$5,075.00",,,,,,,,,,,,
A52 - Space Gray Metallic,,NCSW - Black Novillo Leather,2010,WBSPM9C53AE202049,C55,E202049,,,#VALUE!,,,,,,,,,,,,
A29 - Silverstone Metallic II,,NDH1 - Silver Novillo Extended Leather,2010,WBSPM9C5XAE202050,C55,E202050,,,#VALUE!,,,,,,,,,,,,
A75 - Melbourne Red Metallic,,NCSW - Black Novillo Leather,2010,WBSPM9C51AE202051,C55,E202051,2MK,,"$5,075.00",,,,,,,,,,,,
A75 - Melbourne Red Metallic,,NDH1 - Silver Novillo Extended Leather,2010,WBSPM9C53AE202052,C55,E202052,2MK,,"$5,075.00",,,,,,,,,,,,
A29 - Silverstone Metallic II,,NCSW - Black Novillo Leather,2010,WBSPM9C55AE202053,C55,E202053,,,#VALUE!,,,,,,,,,,,,
A52 - Space Gray Metallic,,NCH2 - FOX RED NOVILLO,2010,WBSPM9C57AE202054,C55,E202054,,,#VALUE!,,,,,,,,,,,,
A29 - Silverstone Metallic II,,NCH1 - Silver Novillo Leather,2010,WBSPM9C59AE202055,C55,E202055,,,#VALUE!,,,,,,,,,,,,
300 - Alpine White,,NCH3 - Beige Novillo Leather,2010,WBSPM9C50AE202056,C55,E202056,2MK,,"$5,075.00",,,,,,,,,,,,
A73 - Jerez Black Metallic,,NCSW - Black Novillo Leather,2010,WBSPM9C52AE202057,C55,E202057,2MK,,"$5,075.00",,,,,,,,,,,,
A73 - Jerez Black Metallic,,NCH1 - Silver Novillo Leather,2010,WBSPM9C54AE202058,C55,E202058,2MK,,"$5,075.00",,,,,,,,,,,,
A73 - Jerez Black Metallic,,NCSW - Black Novillo Leather,2010,WBSPM9C56AE202059,C55,E202059,,,#VALUE!,,,,,,,,,,,,
300 - Alpine White,,GEAT - Anthracite/Black Cloth & Leather,2010,WBSPM9C52AE202060,C55,E202060,2MK,,"$5,075.00",,,,,,,,,,,,
A52 - Space Gray Metallic,,NCSW - Black Novillo Leather,2010,WBSPM9C54AE202061,C55,E202061,2MK,,"$5,075.00",,,,,,,,,,,,
A29 - Silverstone Metallic II,,NCH1 - Silver Novillo Leather,2010,WBSPM9C56AE202062,C55,E202062,2MK,,"$5,075.00",,,,,,,,,,,,
668 - Jet Black,,NCH2 - FOX RED NOVILLO,2010,WBSPM9C58AE202063,C55,E202063,,,#VALUE!,,,,,,,,,,,,
A52 - Space Gray Metallic,,NCSW - Black Novillo Leather,2010,WBSPM9C5XAE202064,C55,E202064,2MK,,"$5,075.00",,,,,,,,,,,,
668 - Jet Black,,NCSW - Black Novillo Leather,2010,WBSPM9C51AE202065,C55,E202065,2MK,,"$5,075.00",,,,,,,,,,,,
A52 - Space Gray Metallic,,NCSW - Black Novillo Leather,2010,WBSPM9C53AE202066,C55,E202066,,,#VALUE!,,,,,,,,,,,,
A73 - Jerez Black Metallic,,NDSW - Black Extended Novillo Leather,2010,WBSPM9C55AE202067,C55,E202067,2MK,,"$5,075.00",,,,,,,,,,,,
A73 - Jerez Black Met.,,NCH2 - FOX RED NOVILLO,2010,WBSPM9C57AE202068,C56,E202068,,,,,,,,,,,,,,,
A73 - Jerez Black Met.,,NDH2 - Fox Red Extended Novillo Leather,2010,WBSPM9C59AE202069,C57,E202069,,,#VALUE!,,,,,,,,,,,,
300 - Alpine White,,NCSW - Black Novillo Leather,2010,WBSPM9C55AE202070,C53,E202070,2MK,,"$5,075.00",,,,,,,,,,,,
A73 - Jerez Black Metallic,,NCH3 - Beige Novillo Leather,2010,WBSPM9C57AE202071,C55,E202071,,,#VALUE!,,,,,,,,,,,,
A73 - Jerez Black Metallic,,NCH2 - FOX RED NOVILLO,2010,WBSPM9C59AE202072,C57,E202072,2MK,,"$5,075.00",,,,,,,,,,,,
300 - Alpine White,,NDH1 - Silver Novillo Extended Leather,2010,WBSPM9C50AE202073,C59,E202073,2MK,,"$5,075.00",,,,,,,,,,,,
300 - Alpine White,,NCH2 - FOX RED NOVILLO,2010,WBSPM9C52AE202074,C50,E202074,,,#VALUE!,,,,,,,,,,,,
300 - Alpine White,,NCSW - Black Novillo Leather,2010,WBSPM9C54AE202075,C52,E202075,2MK,,"$5,075.00",,,,,,,,,,,,
A75 - Melbourne Red Metallic,,NCH3 - Beige Novillo Leather,2010,WBSPM9C56AE202076,C54,E202076,2MK,,"$5,075.00",,,,,,,,,,,,
A52 - Space Gray Metallic,,NCSW - Black Novillo Leather,2010,WBSPM9C58AE202077,C56,E202077,2MK,,"$5,075.00",,,,,,,,,,,,
A52 - Space Gray Metallic,,NCSW - Black Novillo Leather,2010,WBSPM9C5XAE202078,C58,E202078,2MK,,"$5,075.00",,,,,,,,,,,,
A29 - Silverstone Metallic II,,NCH1 - Silver Novillo Leather,2010,WBSPM9C51AE202079,C5X,E202079,2MK,,"$5,075.00",,,,,,,,,,,,
668 - Jet Black,,NDH2 - Fox Red Extended Leather,2010,WBSPM9C58AE202080,C56,E202080,,,#VALUE!,,,,,,,,,,,,
668 - Jet Black,,NCSW - Black Novillo Leather,2010,WBSPM9C5XAE202081,C58,E202081,2MK,,"$5,075.00",,,,,,,,,,,,
300 - Alpine White,,NCSW - Black Novillo Leather,2010,WBSPM9C51AE202082,C5X,E202082,2MK,,"$5,075.00",,,,,,,,,,,,
A73 - Jerez Black Metallic,,NCSW - Black Novillo Leather,2010,WBSPM9C53AE202083,C51,E202083,2MK,,"$5,075.00",,,,,,,,,,,,
A30 - Interlagos Blue Metallic,,NCH1 - Silver Novillo Leather,2010,WBSPM9C55AE202084,C53,E202084,2MK,,"$5,075.00",,,,,,,,,,,,
A30 - Interlagos Blue Metallic,,NCH3 - Beige Novillo Leather,2010,WBSPM9C57AE202085,C55,E202085,,,#VALUE!,,,,,,,,,,,,
A73 - Jerez Black Metallic,,NCH3 - Beige Novillo Leather,2010,WBSPM9C59AE202086,C57,E202086,2MK,,"$5,075.00",,,,,,,,,,,,
A73 - Jerez Black Metallic,,NCSW - Black Novillo Leather,2010,WBSPM9C50AE202087,C59,E202087,2MK,,"$5,075.00",,,,,,,,,,,,
A73 - Jerez Black Metallic,,NCSW - Black Novillo Leather,2010,WBSPM9C52AE202088,C50,E202088,2MK,,"$5,075.00",,,,,,,,,,,,
A73 - Jerez Black Metallic,,NDSW - Black Extended Novillo Leather,2010,WBSPM9C54AE202089,C52,E202089,,,#VALUE!,,,,,,,,,,,,
A73 - Jerez Black Metallic,,NCSW - Black Novillo Leather,2010,WBSPM9C50AE202090,C59,E202090,,,#VALUE!,,,,,,,,,,,,
A52 - Space Gray Metallic,,GEAT - Anthracite/Black Cloth & Leather,2010,WBSPM9C52AE202091,C50,E202091,2MK,,"$5,075.00",,,,,,,,,,,,
381 - Le Mans Blue Metallic,,NCSW - Black Novillo Leather,2010,WBSPM9C54AE202092,C52,E202092,,,#VALUE!,,,,,,,,,,,,
A52 - Space Gray Metallic,,NCSW - Black Novillo Leather,2010,WBSPM9C56AE202093,C54,E202093,2MK,,"$5,075.00",,,,,,,,,,,,
A52 - Space Gray Metallic,,NCSW - Black Novillo Leather,2010,WBSPM9C58AE202094,C56,E202094,,,#VALUE!,,,,,,,,,,,,
300 - Alpine White,,NCH3 - Beige Novillo Leather,2010,WBSPM9C5XAE202095,C58,E202095,2MK,,"$5,075.00",,,,,,,,,,,,
668 - Jet Black,,NCSW - Black Novillo Leather,2010,WBSPM9C51AE202096,C5X,E202096,2MK,,"$5,075.00",,,,,,,,,,,,
A30 - Interlagos Blue Metallic,,GEAT - Anthracite/Black Cloth & Leather,2010,WBSPM9C53AE202097,C51,E202097,2MK,,"$5,075.00",,,,,,,,,,,,
A75 - Melbourne Red Metallic,,NCSW - Black Novillo Leather,2010,WBSPM9C55AE202098,C53,E202098,2MK,,"$5,075.00",,,,,,,,,,,,
A52 - Space Gray Metallic,,NCH3 - Beige Novillo Leather,2010,WBSPM9C57AE202099,C55,E202099,2MK,,"$5,075.00",,,,,,,,,,,,
668 - Jet Black,,NCSW - BLACK NOVILLO LEATHER,2010,WBSPM9C5XAE202100,C58,E202100,,,#VALUE!,,,,,,,,,,,,
300 - Alpine White,,NCH2 - FOX RED NOVILLO,2010,WBSPM9C51AE202101,C5X,E202101,,,#VALUE!,,,,,,,,,,,,
300 - Alpine White,,NCH2 - FOX RED NOVILLO,2010,WBSPM9C53AE202102,C51,E202102,,,#VALUE!,,,,,,,,,,,,
A52 - Space Gray Metallic,,NCSW - BLACK NOVILLO LEATHER,2010,WBSPM9C55AE202103,C53,E202103,,,#VALUE!,,,,,,,,,,,,
300 - Alpine White,,NCSW - BLACK NOVILLO LEATHER,2010,WBSPM9C57AE202104,C55,E202104,,,#VALUE!,,,,,,,,,,,,
A73 - Jerez Black Met.,,NCH2 - FOX RED NOVILLO,2010,WBSPM9C59AE202105,C57,E202105,,,#VALUE!,,,,,,,,,,,,
300 - Alpine White,,NCSW - BLACK NOVILLO LEATHER,2010,WBSPM9C50AE202106,C59,E202106,,,#VALUE!,,,,,,,,,,,,
300 - Alpine White,,NCSW - BLACK NOVILLO LEATHER,2010,WBSPM9C52AE202107,C50,E202107,,,#VALUE!,,,,,,,,,,,,
A29 - SIlverstone II,,NCH1 - PALLADIUM NOVILLO,2010,WBSPM9C54AE202108,C52,E202108,,,#VALUE!,,,,,,,,,,,,
A73 - Jerez Black Met.,,NCSW - BLACK NOVILLO LEATHER,2010,WBSPM9C56AE202109,C54,E202109,,,#VALUE!,,,,,,,,,,,,
A73 - Jerez Black Met.,,NCH1 - PALLADIUM NOVILLO,2010,WBSPM9C52AE202110,C50,E202110,,,#VALUE!,,,,,,,,,,,,
300 - Alpine White,,NCH2 - FOX RED NOVILLO,2010,WBSPM9C54AE202111,C52,E202111,,,#VALUE!,,,,,,,,,,,,
300 - Alpine White,,NCH3 - BAMBOO BEIGE NOVILLO LEATHER,2010,WBSPM9C56AE202112,C54,E202112,,,#VALUE!,,,,,,,,,,,,
A73 - Jerez Black Met.,,NCSW - BLACK NOVILLO LEATHER,2010,WBSPM9C58AE202113,C56,E202113,,,#VALUE!,,,,,,,,,,,,
300 - Alpine White,,NCSW - BLACK NOVILLO LEATHER,2010,WBSPM9C5XAE202114,C58,E202114,,,#VALUE!,,,,,,,,,,,,
A29 - SIlverstone II,,NCSW - BLACK NOVILLO LEATHER,2010,WBSPM9C51AE202115,C5X,E202115,,,#VALUE!,,,,,,,,,,,,
300 - Alpine White,,NCSW - BLACK NOVILLO LEATHER,2010,WBSPM9C53AE202116,C51,E202116,,,#VALUE!,,,,,,,,,,,,
300 - Alpine White,,NDSW - EXT. BLACK  NOVILLO LEATHER,2010,WBSPM9C55AE202117,C53,E202117,,,#VALUE!,,,,,,,,,,,,
A52 - Space Gray Metallic,,NCSW - BLACK NOVILLO LEATHER,2010,WBSPM9C57AE202118,C55,E202118,,,#VALUE!,,,,,,,,,,,,
A52 - Space Gray Metallic,,NCSW - BLACK NOVILLO LEATHER,2010,WBSPM9C59AE202119,C57,E202119,,,#VALUE!,,,,,,,,,,,,
300 - Alpine White,,NDH2 - Fox Red Extended Novillo Leather,2010,WBSPM9C55AE202120,C53,E202120,,,#VALUE!,,,,,,,,,,,,
A73 - Jerez Black Met.,,NCSW - BLACK NOVILLO LEATHER,2010,WBSPM9C57AE202121,C55,E202121,,,#VALUE!,,,,,,,,,,,,
668 - Jet Black,,NCSW - BLACK NOVILLO LEATHER,2010,WBSPM9C59AE202122,C57,E202122,,,#VALUE!,,,,,,,,,,,,
A73 - Jerez Black Met.,,NCSW - BLACK NOVILLO LEATHER,2010,WBSPM9C50AE202123,C59,E202123,,,#VALUE!,,,,,,,,,,,,
381 - Le Mans Blue Met.,,NCSW - BLACK NOVILLO LEATHER,2010,WBSPM9C52AE202124,C50,E202124,,,#VALUE!,,,,,,,,,,,,
668 - Jet Black,,NCSW - BLACK NOVILLO LEATHER,2010,WBSPM9C54AE202125,C52,E202125,,,#VALUE!,,,,,,,,,,,,
A73 - Jerez Black Met.,,NCSW - BLACK NOVILLO LEATHER,2010,WBSPM9C56AE202126,C56,E202126,,,#VALUE!,,,,,,,,,,,,
A73 - Jerez Black Met.,,NCSW - BLACK NOVILLO LEATHER,2010,WBSPM9C58AE202127,C56,E202127,,,#VALUE!,,,,,,,,,,,,
300 - Alpine White,,NCSW - BLACK NOVILLO LEATHER,2010,WBSPM9C5XAE202128,C58,E202128,,,#VALUE!,,,,,,,,,,,,
381 - Le Mans Blue Met.,,NCSW - BLACK NOVILLO LEATHER,2010,WBSPM9C51AE202129,C5X,E202129,,,#VALUE!,,,,,,,,,,,,
A73 - Jerez Black Met.,,NCSW - BLACK NOVILLO LEATHER,2010,WBSPM9C58AE202130,C56,E202130,,,#VALUE!,,,,,,,,,,,,
381 - Le Mans Blue Met.,,NCSW - BLACK NOVILLO LEATHER,2010,WBSPM9C5XAE202131,C58,E202131,,,#VALUE!,,,,,,,,,,,,
668 - Jet Black,,NCSW - BLACK NOVILLO LEATHER,2010,WBSPM9C51AE202132,C5X,E202132,,,#VALUE!,,,,,,,,,,,,
A73 - Jerez Black Met.,,NCSW - BLACK NOVILLO LEATHER,2010,WBSPM9C53AE202133,C51,E202133,,,#VALUE!,,,,,,,,,,,,
A73 - Jerez Black Met.,,NCSW - BLACK NOVILLO LEATHER,2010,WBSPM9C55AE202134,C53,E202134,,,#VALUE!,,,,,,,,,,,,
A73 - Jerez Black Met.,,NCH1 - PALLADIUM NOVILLO,2010,WBSPM9C57AE202135,C55,E202135,,,#VALUE!,,,,,,,,,,,,
A73 - Jerez Black Met.,,NCH3 - BAMBOO BEIGE NOVILLO LEATHER,2010,WBSPM9C59AE202136,C57,E202136,,,#VALUE!,,,,,,,,,,,,
A52 - Space Gray Metallic,,GEAT - Anthracite/Black Cloth & Leather | $0.00,2010,WBSPM9C50AE202137,C59,E202137,,,#VALUE!,,,,,,,,,,,,
A52 - Space Gray Metallic,,NCSW - BLACK NOVILLO LEATHER,2010,WBSPM9C52AE202138,C50,E202138,,,#VALUE!,,,,,,,,,,,,
300 - Alpine White,,NCSW - BLACK NOVILLO LEATHER,2010,WBSPM9C54AE202139,C52,E202139,,,#VALUE!,,,,,,,,,,,,
668 - Jet Black,,NCH3 - BAMBOO BEIGE NOVILLO LEATHER,2010,WBSPM9C50AE202140,C59,E202140,,,#VALUE!,,,,,,,,,,,,
A52 - Space Gray Metallic,,NCSW - BLACK NOVILLO LEATHER,2010,WBSPM9C52AE202141,C50,E202141,,,#VALUE!,,,,,,,,,,,,
A52 - Space Gray Metallic,,NCH1 - PALLADIUM NOVILLO,2010,WBSPM9C54AE202142,C52,E202142,,,#VALUE!,,,,,,,,,,,,
A52 - Space Gray Metallic,,NCH1 - PALLADIUM NOVILLO,2010,WBSPM9C56AE202143,C54,E202143,,,#VALUE!,,,,,,,,,,,,
A52 - Space Gray Metallic,,NDSW - EXT. BLACK  NOVILLO LEATHER,2010,WBSPM9C58AE202144,C56,E202144,,,#VALUE!,,,,,,,,,,,,
A52 - Space Gray Metallic,,NCH2 - FOX RED NOVILLO,2010,WBSPM9C5XAE202145,C58,E202145,,,#VALUE!,,,,,,,,,,,,
381 - Le Mans Blue Met.,,NCSW - BLACK NOVILLO LEATHER,2010,WBSPM9C51AE202146,C5X,E202146,,,#VALUE!,,,,,,,,,,,,
381 - Le Mans Blue Met.,,NCH1 - PALLADIUM NOVILLO,2010,WBSPM9C53AE202147,C51,E202147,,,#VALUE!,,,,,,,,,,,,
A29 - SIlverstone II,,NCSW - BLACK NOVILLO LEATHER,2010,WBSPM9C55AE202148,C53,E202148,,,#VALUE!,,,,,,,,,,,,
A29 - SIlverstone II,,NCH1 - PALLADIUM NOVILLO,2010,WBSPM9C57AE202149,C55,E202149,,,#VALUE!,,,,,,,,,,,,
A75 - Melbourne Red Met.,,NDSW - EXT. BLACK  NOVILLO LEATHER,2010,WBSPM9C53AE202150,C51,E202150,2MK,,"$5,075.00",,,,,,,,,,,,
A73 - Jerez Black Met.,,NCSW - BLACK NOVILLO LEATHER,2010,WBSPM9C55AE202151,C53,E202151,2MK,,"$5,075.00",,,,,,,,,,,,
A30 - Interologos Blue Met.,,GEAT - ANTHRACITE CLOTH,2010,WBSPM9C57AE202152,C55,E202152,2MK,,"$5,075.00",,,,,,,,,,,,
A75 - Melbourne Red Met.,,NCSW - BLACK NOVILLO LEATHER,2010,WBSPM9C59AE202153,C57,E202153,2MK,,"$5,075.00",,,,,,,,,,,,
668 - Jet Black,,NCSW - BLACK NOVILLO LEATHER,2010,WBSPM9C50AE202154,C59,E202154,2MK,,"$5,075.00",,,,,,,,,,,,
A73 - Jerez Black Met.,,NCH3 - BAMBOO BEIGE NOVILLO LEATHER,2010,WBSPM9C52AE202155,C50,E202155,2MK,,"$5,075.00",,,,,,,,,,,,
668 - Jet Black,,NCSW - BLACK NOVILLO LEATHER,2010,WBSPM9C54AE202156,C52,E202156,2MK,,"$5,075.00",,,,,,,,,,,,
300 - Alpine White,,NCH2 - FOX RED NOVILLO,2010,WBSPM9C56AE202157,C54,E202157,2MK,,"$5,075.00",,,,,,,,,,,,
300 - Alpine White,,NCSW - BLACK NOVILLO LEATHER,2010,WBSPM9C58AE202158,C56,E202158,2MK,,"$5,075.00",,,,,,,,,,,,
300 - Alpine White,,NCH3 - BAMBOO BEIGE NOVILLO LEATHER,2010,WBSPM9C5XAE202159,C58,E202159,2MK,,"$5,075.00",,,,,,,,,,,,
300 - Alpine White,,NCSW - BLACK NOVILLO LEATHER,2010,WBSPM9C56AE202160,C54,E202160,2MK,,"$5,075.00",,,,,,,,,,,,
A29 - SIlverstone II,,NCSW - BLACK NOVILLO LEATHER,2010,WBSPM9C58AE202161,C56,E202161,2MK,,"$5,075.00",,,,,,,,,,,,
A29 - SIlverstone II,,NDSW - EXT. BLACK  NOVILLO LEATHER,2010,WBSPM9C5XAE202162,C58,E202162,,,#VALUE!,,,,,,,,,,,,
A73 - Jerez Black Met.,,NDSW - EXT. BLACK  NOVILLO LEATHER,2010,WBSPM9C51AE202163,C5X,E202163,2MK,,"$5,075.00",,,,,,,,,,,,
A29 - SIlverstone II,,NCSW - BLACK NOVILLO LEATHER,2010,WBSPM9C53AE202164,C51,E202164,2MK,,"$5,075.00",,,,,,,,,,,,
A30 - Interologos Blue Met.,,NCH3 - BAMBOO BEIGE NOVILLO LEATHER,2010,WBSPM9C55AE202165,C53,E202165,,,#VALUE!,,,,,,,,,,,,
300 - Alpine White,,NCH2 - FOX RED NOVILLO,2010,WBSPM9C57AE202166,C55,E202166,,,#VALUE!,,,,,,,,,,,,
A73 - Jerez Black Met.,,NDH3 - EXT. BAMBOO ,2010,WBSPM9C57BE202167,C57,E202167,2MK,,"$5,075.00",,,,,,,,,,,,
A52 - Space Gray Metallic,,NCSW - BLACK NOVILLO LEATHER,2010,WBSPM9C50AE202168,C59,E202168,2MK,,"$5,075.00",,,,,,,,,,,,
381 - Le Mans Blue Met.,,NCSW - BLACK NOVILLO LEATHER,2010,WBSPM9C52AE202169,C50,E202169,2MK,,"$5,075.00",,,,,,,,,,,,
668 - Jet Black,,NCSW - BLACK NOVILLO LEATHER,2010,WBSPM9C59AE202170,C57,E202170,2MK,,"$5,075.00",,,,,,,,,,,,
300 - Alpine White,,NCSW - BLACK NOVILLO LEATHER,2010,WBSPM9C50AE202171,C59,E202171,2MK,,"$5,075.00",,,,,,,,,,,,
381 - Le Mans Blue Met.,,NCSW - BLACK NOVILLO LEATHER,2010,WBSPM9C52AE202172,C50,E202172,2MK,,"$5,075.00",,,,,,,,,,,,
668 - Jet Black,,NCSW - BLACK NOVILLO LEATHER,2010,WBSPM9C54AE202173,C52,E202173,2MK,,"$5,075.00",,,,,,,,,,,,
300 - Alpine White,,NCSW - BLACK NOVILLO LEATHER,2010,WBSPM9C56AE202174,C54,E202174,2MK,,"$5,075.00",,,,,,,,,,,,
300 - Alpine White,,NCSW - BLACK NOVILLO LEATHER,2010,WBSPM9C58AE202175,C56,E202175,2MK,,"$5,075.00",,,,,,,,,,,,
381 - Le Mans Blue Met.,,GEAT - Anthracite/Black Cloth & Leather | $0.00,2010,WBSPM9C5XAE202176,C58,E202176,,,#VALUE!,,,,,,,,,,,,
668 - Jet Black,,NCSW - BLACK NOVILLO LEATHER,2010,WBSPM9C51AE202177,C5X,E202177,2MK,,"$5,075.00",,,,,,,,,,,,
300 - Alpine White,,NDH3 - EXT. BAMBOO ,2010,WBSPM9C53AE202178,C51,E202178,2MK,,"$5,075.00",,,,,,,,,,,,
300 - Alpine White,,NDH2 - Fox Red Extended Novillo Leather,2010,WBSPM9C55AE202179,C53,E202179,,,#VALUE!,,,,,,,,,,,,
300 - Alpine White,,NCSW - BLACK NOVILLO LEATHER,2010,WBSPM9C51AE202180,C5X,E202180,2MK,,"$5,075.00",,,,,,,,,,,,
300 - Alpine White,,NCH1 - PALLADIUM NOVILLO,2010,WBSPM9C53AE202181,C51,E202181,2MK,,"$5,075.00",,,,,,,,,,,,
300 - Alpine White,,NCSW - BLACK NOVILLO LEATHER,2010,WBSPM9C55AE202182,C53,E202182,2MK,,"$5,075.00",,,,,,,,,,,,
A52 - Space Gray Metallic,,NCSW - BLACK NOVILLO LEATHER,2010,WBSPM9C57AE202183,C55,E202183,2MK,,"$5,075.00",,,,,,,,,,,,
300 - Alpine White,,NCH3 - BAMBOO BEIGE NOVILLO LEATHER,2010,WBSPM9C59AE202184,C57,E202184,2MK,,"$5,075.00",,,,,,,,,,,,
300 - Alpine White,,NCSW - BLACK NOVILLO LEATHER,2010,WBSPM9C50AE202185,C59,E202185,2MK,,"$5,075.00",,,,,,,,,,,,
A52 - Space Gray Metallic,,NCSW - BLACK NOVILLO LEATHER,2010,WBSPM9C52AE202186,C50,E202186,2MK,,"$5,075.00",,,,,,,,,,,,
668 - Jet Black,,NCSW - BLACK NOVILLO LEATHER,2010,WBSPM9C54AE202187,C52,E202187,2MK,,"$5,075.00",,,,,,,,,,,,
A52 - Space Gray Metallic,,NCSW - BLACK NOVILLO LEATHER,2010,WBSPM9C56AE202188,C54,E202188,2MK,,"$5,075.00",,,,,,,,,,,,
300 - Alpine White,,NCH2 - FOX RED NOVILLO,2010,WBSPM9C58AE202189,C56,E202189,2MK,,"$5,075.00",,,,,,,,,,,,
668 - Jet Black,,NCH1 - PALLADIUM NOVILLO,2010,WBSPM9C54AE202190,C52,E202190,2MK,,"$5,075.00",,,,,,,,,,,,
381 - Le Mans Blue Met.,,NCSW - BLACK NOVILLO LEATHER,2010,WBSPM9C56AE202191,C54,E202191,2MK,,"$5,075.00",,,,,,,,,,,,
668 - Jet Black,,NCH3 - BAMBOO BEIGE NOVILLO LEATHER,2010,WBSPM9C58AE202192,C58,E202192,,,#VALUE!,,,, BMW North Scottsdale,,,,,,,,
A52 - Space Gray Metallic,,NCH1 - PALLADIUM NOVILLO,2010,WBSPM9C5XAE202193,C5X,E202193,,,#VALUE!,,,,,,,,,,,,
A30 - Interologos Blue Met.,,NCH3 - BAMBOO BEIGE NOVILLO LEATHER,2010,WBSPM9C51AE202194,C51,E202194,,,#VALUE!,,,,,,,,,,,,
A30 - Interologos Blue Met.,,NCH1 - PALLADIUM NOVILLO,2010,WBSPM9C53AE202195,C53,E202195,,,#VALUE!,,,,,,,,,,,,
A52 - Space Gray Metallic,,NDH2 - Fox Red Extended Novillo Leather,2010,WBSPM9C55AE202196,C55,E202196,,,#VALUE!,,,,,,,,,,,,
A30 - Interologos Blue Met.,,NCH1 - PALLADIUM NOVILLO,2010,WBSPM9C57AE202197,C57,E202197,,,#VALUE!,,,,,,,,,,,,
A52 - Space Gray Metallic,,NCH2 - FOX RED NOVILLO,2010,WBSPM9C59AE202198,C59,E202198,,,#VALUE!,,,,Bob Smith BMW,,,,,,,,
300 - Alpine White,,NDSW - EXT. BLACK  NOVILLO LEATHER,2010,WBSPM9C50AE202199,C50,E202199,,,#VALUE!,,,,,,,,,,,,
381 - Le Mans Blue Met.,,NCSW - BLACK NOVILLO LEATHER,2010,WBSPM9C53AE202200,C53,E202200,,,#VALUE!,,,,,,,,,,,,
A73 - Jerez Black Met.,,NDSW - EXT. BLACK  NOVILLO LEATHER,2010,WBSPM9C55AE202201,C55,E202201,,,#VALUE!,,,,"Reeves Import Motorcars, Inc.",,,,,,,,
A73 - Jerez Black Met.,,NCSW - BLACK NOVILLO LEATHER,2010,WBSPM9C57AE202202,C57,E202202,,,#VALUE!,,,, Irvine BMW,,,,,,,,
A73 - Jerez Black Met.,,NCSW - BLACK NOVILLO LEATHER,2010,WBSPM9C59AE202203,C59,E202203,,,#VALUE!,,,," BMW Aurora, CAN",,,,,,,,
A73 - Jerez Black Met.,,NDSW - EXT. BLACK  NOVILLO LEATHER,2010,WBSPM9C50AE202204,C50,E202204,,,#VALUE!,,,,Nick Alexander Imports,,,,,,,,
A29 - SIlverstone II,,NCSW - BLACK NOVILLO LEATHER,2010,WBSPM9C52AE202205,C52,E202205,,,#VALUE!,,,, BMW of San Diego ,,,,,,,,
A73 - Jerez Black Met.,,NCH1 - PALLADIUM NOVILLO,2010,WBSPM9C54AE202206,C54,E202206,,,#VALUE!,,,,BMW of Tulsa,,,,,,,,
A73 - Jerez Black Met.,,NCH1 - PALLADIUM NOVILLO,2010,WBSPM9C56AE202207,C56,E202207,,,#VALUE!,,,,,,,,,,,,
A73 - Jerez Black Met.,,NCSW - BLACK NOVILLO LEATHER,2010,WBSPM9C58AE202208,C58,E202208,,,#VALUE!,,,,,,,,,,,,
A73 - Jerez Black Met.,,NDSW - EXT. BLACK  NOVILLO LEATHER,2010,WBSPM9C5XAE202209,C5X,E202209,,,#VALUE!,,,,,,,,,,,,
A52 - Space Gray Metallic,,NDH2 - Fox Red Extended Novillo Leather,2010,WBSPM9C56AE202210,C56,E202210,,,#VALUE!,,,,,,,,,,,,
A29 - SIlverstone II,,NCH1 - PALLADIUM NOVILLO,2010,WBSPM9C58AE202211,C58,E202211,,,#VALUE!,,,,,,,,,,,,
668 - Jet Black,,NCSW - BLACK NOVILLO LEATHER,2010,WBSPM9C5XAE202212,C5X,E202212,,,#VALUE!,,,,,,,,,,,,
A52 - Space Gray Metallic,,NCH2 - FOX RED NOVILLO,2010,WBSPM9C51AE202213,C51,E202213,,,#VALUE!,,,,,,,,,,,,
668 - Jet Black,,NCSW - BLACK NOVILLO LEATHER,2010,WBSPM9C53AE202214,C53,E202214,,,#VALUE!,,,,,,,,,,,,
668 - Jet Black,,NCSW - BLACK NOVILLO LEATHER,2010,WBSPM9C55AE202215,C55,E202215,,,#VALUE!,,,,,,,,,,,,
668 - Jet Black,,NCSW - BLACK NOVILLO LEATHER,2010,WBSPM9C57AE202216,C57,E202216,,,#VALUE!,,,,,,,,,,,,
A52 - Space Gray Metallic,,NCH1 - PALLADIUM NOVILLO,2010,WBSPM9C59AE202217,C59,E202217,,,#VALUE!,,,,,,,,,,,,
A52 - Space Gray Metallic,,NCH2 - FOX RED NOVILLO,2010,WBSPM9C50AE202218,C50,E202218,,,#VALUE!,,,,,,,,,,,,
A73 - Jerez Black Met.,,NCH2 - FOX RED NOVILLO,2010,WBSPM9C52AE202219,C52,E202219,,,#VALUE!,,,,,,,,,,,,
A73 - Jerez Black Met.,,NCSW - BLACK NOVILLO LEATHER,2010,WBSPM9C59AE202220,C59,E202220,,,#VALUE!,,,,,,,,,,,,
A73 - Jerez Black Met.,,NCSW - BLACK NOVILLO LEATHER,2010,WBSPM9C50AE202221,C50,E202221,,,#VALUE!,,,,,,,,,,,,
A52 - Space Gray Metallic,,NCSW - BLACK NOVILLO LEATHER,2010,WBSPM9C52AE202222,C52,E202222,,,#VALUE!,,,,,,,,,,,,
A52 - Space Gray Metallic,,NCSW - BLACK NOVILLO LEATHER,2010,WBSPM9C54AE202223,C54,E202223,,,#VALUE!,,,,,,,,,,,,
A52 - Space Gray Metallic,,NCSW - BLACK NOVILLO LEATHER,2010,WBSPM9C56AE202224,C56,E202224,,,#VALUE!,,,,,,,,,,,,
300 - Alpine White,,NCSW - BLACK NOVILLO LEATHER,2010,WBSPM9C58AE202225,C58,E202225,"MSRP.1,ZCW,ZPP.1,ZTP,2MK,2MT.1,302,403,417,507,6FL,655,752",,"$72,980.00",,,,"The BMW Store, CAN",,,,,,,,
300 - Alpine White,,NCH3 - BAMBOO BEIGE NOVILLO LEATHER,2010,WBSPM9C5XAE202226,C5X,E202226,"MSRP.1,ZCW,ZPP.3,ZTP,2MT.1,302,403,507,5AC,6FL,6NF,752",,"$69,555.00",,,,BMW of Birmingham,,,,,,,,
300 - Alpine White,,NDH3 - EXT. BAMBOO ,2010,WBSPM9C51AE202227,C51,E202227,"MSRP.1,ZCW,ZPP.2,ZTP,2MK,2MT.1,302,403,507,5AC,6FL,6NF,655,752",,"$73,905.00",,1100,,BMW of Dubuque,,,,,,,,
300 - Alpine White,,NCH2 - FOX RED NOVILLO,2010,WBSPM9C53AE202228,C53,E202228,"MSRP.1,ZPP.1,ZTP,2MK,2MT.1,507,6FL,6NF,655,752",,"$70,105.00",,,, South Motors BMW/South Motors MIN,,,,,,,,
300 - Alpine White,,NCH2 - FOX RED NOVILLO,2010,WBSPM9C55AE202229,C55,E202229,"MSRP.1,ZTP,2MK,302,465,507,6FL,771",,"$66,330.00",,950,,BMW of Manhattan,,,,,,,,
300 - Alpine White,,NCH2 - FOX RED NOVILLO,2010,WBSPM9C51AE202230,C51,E202230,"MSRP.1,ZCW,ZPP.3,ZTP,2MT.1,302,403,6FL",,"$66,875.00",,,,"BMW ville de Quebec, CAN",,,,,,,,
300 - Alpine White,,NCH1 - PALLADIUM NOVILLO,2010,WBSPM9C53AE202231,C53,E202231,"MSRP.1,ZCW,ZPP.3,ZTP,2MK,2MT.1,302,403",,"$69,375.00",,,,"Dreyer & Reinbold, Inc. Satellite , Greenwood",,,,,,,,
300 - Alpine White,,NCSW - BLACK NOVILLO LEATHER,2010,WBSPM9C55AE202232,C55,E202232,"MSRP.1,ZPP.3,ZTP,2MK,2MT.1,403,494,6FL,655,752",,"$71,125.00",,,,Classic BMW,,,,,,,,
300 - Alpine White,,NCH2 - FOX RED NOVILLO,2010,WBSPM9C57AE202233,C57,E202233,"MSRP.1,ZPP.3,ZTP,2MK,2MT.1,403,494,507,6FL,6NF,655,752",,"$71,655.00",,,,,,,,,,,,
A52 - Space Gray Metallic,,NCSW - BLACK NOVILLO LEATHER,2010,WBSPM9C59AE202234,C59,E202234,"MSRP.1,ZPP.1,ZTP,417,465,507,6FL,6NF,752",,"$67,255.00",,550,,East Bay BMW,,,,,,,,
300 - Alpine White,,NCSW - BLACK NOVILLO LEATHER,2010,WBSPM9C50AE202235,C50,E202235,"MSRP.1,ZPP.3,ZTP,2MK,2MT.1,302,403,507,6FL,6NF,655,752",,"$71,555.00",,,,,,,,,,,,
300 - Alpine White,,NCSW - BLACK NOVILLO LEATHER,2010,WBSPM9C52AE202236,C52,E202236,"MSRP.1,ZPP.2,ZTP,2MK,2MT.1,403,6FL",,"$68,375.00",,,,,,,,,,,,
A29 - SIlverstone II,,NCSW - BLACK NOVILLO LEATHER,2010,WBSPM9C54AE202237,C54,E202237,"MSRP.1,ZPP.3,ZTP,2MK,2MT.1,655",,"$67,825.00",,550,,BMW of Austin,,,,,,,,
668 - Jet Black,,NCSW - BLACK NOVILLO LEATHER,2010,WBSPM9C56AE202238,C56,E202238,"MSRP.1,ZPP.3,2MK,2MT.1,403,6FL,655",,"$65,475.00",,,,Vista Motor Company/Vista MINI,,,,,,,,
668 - Jet Black,,NCSW - BLACK NOVILLO LEATHER,2010,WBSPM9C58AE202239,C58,E202239,"MSRP.1,ZPP.3,ZTP,2MK,2MT.1,403,465,494,6FL,752",,"$71,250.00",,,,Sterling BMW,,,,,,,,
668 - Jet Black,,NCSW - BLACK NOVILLO LEATHER,2010,WBSPM9C54AE202240,C54,E202240,"MSRP.1,ZPP.3,ZTP,2MT.1,403,6FL ",,"$65,475.00",,,,BMW of San Francisco,,,,,,,,
300 - Alpine White,,NDSW - EXT. BLACK  NOVILLO LEATHER,2010,WBSPM9C56AE202241,C56,E202241,"MSRP.1,ZCW,ZPP.2,ZTP,2MK,2MT.1,302,403,507,6FL,655,752",,"$73,505.00",,1100,,,,,,,,,,
A52 - Space Gray Metallic,,NCSW - BLACK NOVILLO LEATHER,2010,WBSPM9C58AE202242,C58,E202242,"MSRP.1,ZCW,ZPP.3,ZTP,2MT.1,302,403,6FL",,"$67,425.00",,550,,,,,,,,,,
381 - Le Mans Blue Met.,,NCH1 - PALLADIUM NOVILLO,2010,WBSPM9C5XAE202243,C5X,E202243,"MSRP.1,ZCW,ZPP.1,ZTP,2MT.1,302,403,6FL",,"$67,425.00",,550,,"BMW Toronto, CAN",,,,,,,,
300 - Alpine White,,NCSW - BLACK NOVILLO LEATHER,2010,WBSPM9C51AE202244,C51,E202244,"MSRP.1,ZPP.1,ZTP,2MK,2MT.1,302,403,465,494,507,6FL,655,752",,"$72,380.00",,,,BMW of Pleasant Grove,,,,,,,,
668 - Jet Black,,NCH3 - BAMBOO BEIGE NOVILLO LEATHER,2010,WBSPM9C53AE202245,C53,E202245,"MSRP.1,ZCW,ZPP.3,ZTP,2MK,2MT.1,302,403,507,6FL,655,752",,"$72,405.00",,,,,,,,,,,,
668 - Jet Black,,NCSW - BLACK NOVILLO LEATHER,2010,WBSPM9C55AE202246,C55,E202246,"MSRP.1,ZCW,ZPP.1,302,403,6FL",,"$62,425.00",,,,,,,,,,,,
A73 - Jerez Black Met.,,NCH3 - BAMBOO BEIGE NOVILLO LEATHER,2010,WBSPM9C57AE202247,C57,E202247,"MSRP.1,ZPP.2,ZTP,2MK,2MT.1,6FL",,"$67,875.00",,550,,,,,,,,,,
A73 - Jerez Black Met.,,NCH3 - BAMBOO BEIGE NOVILLO LEATHER,2010,WBSPM9C59AE202248,C59,E202248,"MSRP.1,ZPP.3,ZTP,2MK,2MT.1,302,403,494,6FL,655,752",,"$72,075.00",,550,,,,,,,,,,
A73 - Jerez Black Met.,,NCSW - BLACK NOVILLO LEATHER,2010,WBSPM9C50AE202249,C50,E202249,"MSRP.1,ZPP.3,ZTP,302,2MT.1,507,6FL,655",,"$66,105.00",,550,,,,,,,,,,
A73 - Jerez Black Met.,,NCSW - BLACK NOVILLO LEATHER,2010,WBSPM9C57AE202250,C57,E202250,"MSRP.1,ZCW,ZPP.2,ZTP,2MK,2MT.1,302,403,6FL",,"$70,325.00",,550,,,,,,,,,,
668 - Jet Black,,NCSW - BLACK NOVILLO LEATHER,2010,WBSPM9C59AE202251,C59,E202251,"MSRP.1,ZCW,ZPP.3,ZTP,2MK,2MT.1,302,403,507,5AC,6FL,6NF,655,752",,"$72,805.00",,,,,,,,,,,,
A30 - Interologos Blue Met.,,NDH1 - EXT. PALLADIUM,2010,WBSPM9C50AE202252,C50,E202252,"MSRP.1,ZCW,ZPP.3,ZTP,2MK,2MT.1,302,403,507,6FL,655,752",,"$74,055.00",,550/1100,,,,,,,,,,
A73 - Jerez Black Met.,,NCSW - BLACK NOVILLO LEATHER,2010,WBSPM9C52AE202253,C52,E202253,"MSRP.1,ZPP.2,2MK,2MT.1,655",,"$64,575.00",,550,,,,,,,,,,
381 - Le Mans Blue Met.,,GEAT - ANTHRACITE CLOTH,2010,WBSPM9C54AE202254,C54,E202254,"MSRP.1,ZPP.3,2MT.1,403,465,6FL,6NF,655",,"$63,750.00",,550,,,,,,,,,,
381 - Le Mans Blue Met.,,NCSW - BLACK NOVILLO LEATHER,2010,WBSPM9C56AE202255,C56,E202255,"MSRP.1,ZCW,ZPP.3,ZTP,2MT.1,403,507,6FL,655,752",,"$69,655.00",,550,,,,,,,,,,
A73 - Jerez Black Met.,,NCSW - BLACK NOVILLO LEATHER,2010,WBSPM9C58AE202256,C58,E202256,"MSRP,1,ZCW,ZPP.3,ZTP,2MK,2MT.1,302,403,507,6FL",,"$71,205.00",,550,,,,,,,,,,
A73 - Jerez Black Met.,,NDH3 - EXT. BAMBOO ,2010,WBSPM9C5XAE202257,C5X,E202257,"MSRP,1,ZCW,ZPP.2,ZTP,2MK,2MT.1,403,417,507,6FL,6NF,653,655,752",,"$74,880.00",11-23-2009,550/1100,,,,,,,,,,
A52 - Space Gray Metallic,,NCH2 - FOX RED NOVILLO,2010,WBSPM9C51AE202258,C51,E202258,"MSRP.1,ZPP.2,ZTP,2MT.1,6FL,6NF,752",,"$67,025.00",11-24-2009,550,,,,,,,,,,
A30 - Interologos Blue Met.,,NCH1 - PALLADIUM NOVILLO,2010,WBSPM9C53AE202259,C53,E202259,"MSRP.1,ZCW,ZPP.3,ZTP,2MK,403,507,6FL,6NF,655,752",,"$71,505.00",,550,,,,,,,,,,
A73 - Jerez Black Met.,,NDH2 - Fox Red Extended Novillo Leather,2010,WBSPM9C5XAE202260,C5X,E202260,"MSRP.1,ZPP.3,ZTP,2MT.1,403,6FL,655,752",,"$69,375.00",,550/1100,, BMW of Gwinnett Place,,,,,,,,
A73 - Jerez Black Met.,,NCSW - BLACK NOVILLO LEATHER,2010,WBSPM9C51AE202261,C51,E202261,"MSRP.1,ZPP.3,ZTP,2MK,2MT.1,403,465,6FL,655 ",,"$69,750.00",,550,,Advantage BMW ,,,,,,,,
A73 - Jerez Black Met.,,NCSW - BLACK NOVILLO LEATHER,2010,WBSPM9C53AE202262,C53,E202262,"MSRP.1,ZPP.3,ZTP,2MK,2MT.1,302,403,494,6FL,6NF,655 ",,"$70,325.00",,550,,BMW of San Antonio,,,,,,,,
A73 - Jerez Black Met.,,NCSW - BLACK NOVILLO LEATHER,2010,WBSPM9C55AE202263,C55,E202263,"MSRP.1,ZCW,ZPP.3,ZTP,2MT.1,403,6FL,655,752",,"$69,275.00",,550,,United BMW of Roswell,,,,,,,,
A73 - Jerez Black Met.,,NCSW - BLACK NOVILLO LEATHER,2010,WBSPM9C57AE202264,C57,E202264,"MSRP.1,ZCW,ZPP.3,ZTP,2MK,2MT.1,302,403,507,6FL,655,752",,"$72,955.00",,550,,,,,,,,,,
A73 - Jerez Black Met.,,NDSW - EXT. BLACK  NOVILLO LEATHER,2010,WBSPM9C59AE202265,C59,E202265,"MSRP.1,ZCW,ZPP.3,ZTP,2MK,2MT.1,302,403,507,6FL,6NF,655,752",,"$74,205.00",,550/1100,,Kuni BMW,,,,,,,,
A73 - Jerez Black Met.,,Fox Red Extended Novillo Leather,2010,WBSPM9C50AE202266,C50,E202266,"MSRP.1,ZPP.3,ZTP,2MT.1,403,6FL,655,752",,"$69,375.00",,550/1100,,Ferman BMW,,,,,,,,
A73 - Jerez Black Met.,,NCSW - BLACK NOVILLO LEATHER,2010,WBSPM9C52AE202267,C52,E202267,"MSRP.1,ZPP.3,ZTP,2MK,2MT.1,403,494,507,6FL ",,"$69,805.00",,550,,Autobahn Motorcars,,,,,,,,
300 - Alpine White,,NCSW - BLACK NOVILLO LEATHER,2010,WBSPM9C54AE202268,C54,E202268,"MSRP.1,ZPP.3,ZTP,2MK,2MT.1,403,494,507,6FL ",,"$69,255.00",,,,Autobahn Motorcars,,,,,,,,
A52 - Space Gray Metallic,,NCH2 - FOX RED NOVILLO,2010,WBSPM9C56AE202269,C56,E202269,"MSRP.1,ZPP.3,2MK,2MT.1,6FL,655",,"$64,975.00",,550,,Vista Motor Company,,,,,,,,
300 - Alpine White,,NCH3 - BAMBOO BEIGE NOVILLO LEATHER,2010,WBSPM9C52AE202270,C52,E202270,"MSRP.1,ZPP.2,ZTP,2MK,2MT.1,302,494,6FL,6NF",,"$68,375.00",,,,Thompson BMW,,,,,,,,
A52 - Space Gray Metallic,,GEAT - ANTHRACITE CLOTH,2010,WBSPM9C54AE202271,C54,E202271,"MSRP.1,ZPP,2MT.1,403,494,655",,"$61,225.00",,550,,Baron BMW/Baron MINI ,,,,,,,,
A52 - Space Gray Metallic,,NCH1 - PALLADIUM NOVILLO,2010,WBSPM9C56AE202272,C56,E202272,"MSRP.1,ZPP.3,ZTP,2MK,2MT.1,403,465,494,6FL,655,752",,"$72,150.00",,550,,,,,,,,,,
668 - Jet Black,,NCSW - BLACK NOVILLO LEATHER,2010,WBSPM9C58AE202273,C58,E202273,"MSRP.1,ZCW,ZPP.1,ZTP,2MK,403,507,5AC,6FL,6NF,655,752",,"$71,205.00",,,,Sharpe BMW/MINI of Grand Rapids ,,,,,,,,
668 - Jet Black,,NDH3 - EXT. BAMBOO ,2010,WBSPM9C5XAE202274,C5X,E202274,"MSRP.1,ZPP.2,ZTP,2MT.1,302,403,465,507,5AC,6FL,6NF,655,752",,"$70,480.00",,1100,,BMW of Austin,,,,,,,,
668 - Jet Black,,NCSW - BLACK NOVILLO LEATHER,2010,WBSPM9C51AE202275,C51,E202275,"MSRP.1,ZPP.3,ZTP,2MK,2MT.1,6FL,655",,"$67,675.00",,,,,,,,,,,,
668 - Jet Black,,NCSW - BLACK NOVILLO LEATHER,2010,WBSPM9C53AE202276,C53,E202276,"MSRP.1,ZCW,ZPP.1,ZTP,302,403,6FL,655",,"$66,025.00",,,,,,,,,,,,
668 - Jet Black,,NCSW - BLACK NOVILLO LEATHER,2010,WBSPM9C55AE202277,C55,E202277,"MSRP.1,ZCW,ZPP.3,ZTP,2MK,2MT.1,403,6FL,752",,"$71,275.00",,,,,,,,,,,,
668 - Jet Black,,NDSW - EXT. BLACK  NOVILLO LEATHER,2010,WBSPM9C57AE202278,C57,E202278,"MSRP.1,ZCW,ZPP.3,ZTP,2MK,2MT.1,403,417,507,5AC,6FL,6NF,655,752",,"$74,080.00",,1100,,BMW of Fremont,,,,,,,,
A52 - Space Gray Metallic,,NCSW - BLACK NOVILLO LEATHER,2010,WBSPM9C59AE202279,C59,E202279,"MSRP.1,ZCW,ZPP.3,ZTP,2MK,2MT.1,403,6FL,655,752",,"$72,175.00",,550,,"Continental BMW of Darien , Darien",,,,,,,,
A52 - Space Gray Metallic,,NCSW - BLACK NOVILLO LEATHER,2010,WBSPM9C55AE202280,C55,E202280,"MSRP.1,ZPP.3,ZTP,302,403,465,494,6FL",,"$66,200.00",,550,,"BMW of San Francisco , San Francisco",,,,,,,,
300 - Alpine White,,NCH2 - FOX RED NOVILLO,2010,WBSPM9C57AE202281,C57,E202281,"MSRP.1,ZCW,ZPP.3,ZTP,2MK,2MT.1,403,6FL,655,752",,"$71,625.00",,,,"Herb Chambers BMW/MINI of Boston , Boston",,,,,,,,
A75 - Melbourne Red Met.,,NCSW - BLACK NOVILLO LEATHER,2010,WBSPM9C59AE202282,C59,E202282,"MSRP.1,ZCW,ZPP.3,ZTP,2MK,2MT.1,302,403,6FL,655,752",,"$72,575.00",,550,,H&H Premier Automotive,,,,,,,,
A52 - Space Gray Metallic,,NCH2 - FOX RED NOVILLO,2010,WBSPM9C50AE202283,C50,E202283,"MSRP.1,ZCW,ZPP.2,ZTP,507,6FL,6NF",,"$65,305.00",,550,,BMW of Watertown,,,,,,,,
A52 - Space Gray Metallic,,NCH2 - FOX RED NOVILLO,2010,WBSPM9C52AE202284,C52,E202284,"MSRP.1,ZPP.3,ZTP,2MT.1,417,507,6FL,752",,"$67,830.00",,550,,Autogermana Inc.,,,,,,,,
300 - Alpine White,,NCSW - BLACK NOVILLO LEATHER,2010,WBSPM9C54AE202285,C54,E202285,"MSRP.1,ZCW,ZPP.3,ZTP,2MK,2MT.1,6FL,655,752",,"$70,575.00",,,,Frank Kent Cadillac of Arlington,,,,,,,,
668 - Jet Black,,NCH3 - BAMBOO BEIGE NOVILLO LEATHER,2010,WBSPM9C56AE202286,C56,E202286,"MSRP.1,ZPP.2,ZTP,2MK,2MT.1,403,494,6FL,655,752",,"$71,125.00",,,,25223,,,,,,,,
300 - Alpine White,,NCSW - BLACK NOVILLO LEATHER,2010,WBSPM9C58AE202287,C58,E202287,"MSRP.1,ZPP.2,ZTP,2MK,2MT.1,403,494,507,639,6FL",,"$70,955.00",,950,PREMIUM PACKAGE NO MEMORY,26747 Momentum BMW/,,,,,,,,
300 - Alpine White,,NCH2 - FOX RED NOVILLO,2010,WBSPM9C5XAE202288,C5X,E202288,"MSRP.1,ZPP.3,ZTP,2MK,2MT.1,403,494,507,6FL,655,752",,"$71,505.00",,,PREMIUM PACKAGE NO MEMORY,46891,,,,,,,,
A52 - Space Gray Metallic,,NCSW - BLACK NOVILLO LEATHER,2010,WBSPM9C51AE202289,C51,E202289,"MSRP.1,ZCW,ZTP,2MK,2MT.1,403,507,639,6FL,655,752",,"$71,305.00",,550,PREMIUM PACKAGE NO MEMORY,Laurel BMW of Westmont,,,,,,,,
300 - Alpine White,,NCSW - BLACK NOVILLO LEATHER,2010,WBSPM9C58AE202290,C58,E202290,"MSRP.1,ZPP.3,ZTP,2MK,2MT.1,302,403,507,6FL,655,752",,"$71,405.00",,,,Coggin BMW Treasure Coast,,,,,,,,
300 - Alpine White,,NCSW - BLACK NOVILLO LEATHER,2010,WBSPM9C5XAE202291,C5X,E202291,"MSRP.1,ZCW,ZPP.3,ZTP,2MK,2MT.1,302,403,6FL,6NF,655,752",,"$72,175.00",,,,,,,,,,,,
A73 - Jerez Black Met.,,NDH2 - Fox Red Extended Novillo Leather,2010,WBSPM9C51AE202292,C51,E202292,"MSRP,1,ZTP,403,639,6FL,6NF",,"$66,225.00",,550/2000,,BMW of Carlsbad,,,,,,,,
A29 - SIlverstone II,,NCSW - BLACK NOVILLO LEATHER,2010,WBSPM9C53AE202293,C53,E202293,"MSRP.1,ZCW,ZPP.1,ZTP,2MK,2MT.1,302,403,507,6FL,655,752",,"$72,955.00",,550,,BMW of Bellevue,,,,,,,,
668 - Jet Black,,NCSW - BLACK NOVILLO LEATHER,2010,WBSPM9C55AE202294,C55,E202294,"MSRP.1,ZCW,639,771",,"$60,275.00",11-27-2009,950,DADS OLD CAR,Karl Knauz BMW,,,,,,,,
A29 - SIlverstone II,,NCSW - BLACK NOVILLO LEATHER,2010,WBSPM9C57AE202295,C57,E202295,"MSRP.1,ZPP.2,ZTP,2MK,2MT.1,403,465,494,6FL,655,752",,"$72,150.00",,550,,"Classic BMW , Plano",,,,,,,,
668 - Jet Black,,NCSW - BLACK NOVILLO LEATHER,2010,WBSPM9C59AE202296,C59,E202296,"MSRP.1,ZCW,ZPP.3,ZTP,2MK,2MT.1,302,403,507,6FL,6NF,655,752",,"$72,555.00",,,,"Tom Bush BMW MINI, Jacksonville",,,,,,,,
A73 - Jerez Black Met.,,NDH2 - Fox Red Extended Novillo Leather,2010,WBSPM9C50AE202297,C50,E202297,"MSRP.1,ZCW,ZPP.3,ZTP,2MK,403,507,6FL,655,752",,"$72,455.00",,550/1100,,,,,,,,,,
A30 - Interologos Blue Met.,,NCH1 - PALLADIUM NOVILLO,2010,WBSPM9C52AE202298,C52,E202298,"MSRP.1,ZCW,ZPP.3,ZTP,2MK,2MT.1,302,403,507,5AC,6FL,6NF",,"$71,105.00",,550,,BMW of Fremont,,,,,,,,
668 - Jet Black,,NCSW - BLACK NOVILLO LEATHER,2010,WBSPM9C54AE202299,C54,E202299,"MSRP.1,ZPP.3,ZTP,2MK,2MT.1,302,403,465,494,507,5AC,6FL,6NF,655,752",,"$72,780.00",,,,McKenna BMW,,,,,,,,
A52 - Space Gray Metallic,,NCSW - BLACK NOVILLO LEATHER,2010,WBSPM9C57AE202300,C57,E202300,"MSRP.1,ZPP.3,ZTP,2MK,2MT.1,302,403,6FL,655,752",,"$71,575.00",11-30-2009,550,,16491,,,,,,,,
A30 - Interologos Blue Met.,,NCSW - BLACK NOVILLO LEATHER,2010,WBSPM9C59AE202301,C59,E202301,"MSRP.1,ZCW,ZPP.1,ZTP,2MK,2MT.1,403,507,6FL,6NF,655,752",,"$72,705.00",,550,,BMW of Sherman Oaks,,,,,,,,
A73 - Jerez Black Met.,,NDSW - EXT. BLACK  NOVILLO LEATHER,2010,WBSPM9C50AE202302,C50,E202302,"MSRP.1,ZCW,ZPP.3,ZTP,2MK,2MT.1,302,403,417,507,5AC,6FL,6NF,655,752",,"$75,030.00",,550/1100,,BMW of Fremont,,,,,,,,
300 - Alpine White,,NDH3 - EXT. BAMBOO ,2010,WBSPM9C52AE202303,C52,E202303,"MSRP.1,ZPP.2,ZTP,2MK,2MT.1,302,403,417,494,507,5AC,6FL,6NF,655,752",,"$73,980.00",,1100,,Nick Alexander Imports,,,,,,,,
A73 - Jerez Black Met.,,NCSW - BLACK NOVILLO LEATHER,2010,WBSPM9C54AE202304,C54,E202304,"MSRP.1,ZCW,ZPP,ZTP,403,6FL,752",,"$65,175.00",,,Stevens Point Original,63766,,,,,,,,
300 - Alpine White,,NCSW - BLACK NOVILLO LEATHER,2010,WBSPM9C56AE202305,C56,E202305,"MSRP.1,ZPP.1,ZTP,2MK,2MT.1,403,6FL",,"$68,375.00",12-01-2009,,,New Century BMW,,,,,,,,
A73 - Jerez Black Met.,,NCH3 - BAMBOO BEIGE NOVILLO LEATHER,2010,WBSPM9C58AE202306,C58,E202306,"MSRP.1,ZCW,ZPP.1,ZTP,2MK,6FL,6NF,655,752",,"$70,075.00",,550,,,,,,,,,,
A29 - SIlverstone II,,NCSW - BLACK NOVILLO LEATHER,2010,WBSPM9C5XAE202307,C5X,E202307,"MSRP.1,ZPP.3,ZTP,2MK,302,403,494,6FL",,"$68,625.00",,550,,BMW Seattle,,,,,,,,
A52 - Space Gray Metallic,,NDSW - EXT. BLACK  NOVILLO LEATHER,2010,WBSPM9C51AE202308,C51,E202308,"MSRP.1,ZCW,ZPP.3,ZTP,2MK,2MT.1,403,417,507,5AC,6FL,6NF,655,752",,"$74,630.00",,550/1100,,BMW of Fremont,,,,,,,,
381 - Le Mans Blue Met.,,NCH1 - PALLADIUM NOVILLO,2010,WBSPM9C53AE202309,C53,E202309,"MSRP.1,ZCW,ZPP.3,ZTP,2MK,2MT.1,403,507,5AC,6FL,655,752",,"$72,805.00",,550,,,,,,,,,,
A29 - SIlverstone II,,NDH2 - Fox Red Extended Novillo Leather,2010,WBSPM9C5XAE202310,C5X,E202310,"MSRP.1,ZCW,ZPP.1,ZTP,2MK,2MT.1,302,403,417,507,5AC,6FL,6NF,655,752",,"$75,030.00",12-02-2009,550/1100,,BMW of Fremont,,,,,,,,
A73 - Jerez Black Met.,,NCH3 - BAMBOO BEIGE NOVILLO LEATHER,2010,WBSPM9C51AE202311,C51,E202311,"MSRP.1,ZCW,ZPP.2,ZTP,2MK,2MT.1,302,403,417,507,5AC,6FL,6NF,655,752",,"$73,930.00",,550,,BMW of San Francisco,,,,,,,,
A73 - Jerez Black Met.,,NCH3 - BAMBOO BEIGE NOVILLO LEATHER,2010,WBSPM9C53AE202312,C53,E202312,"MSRP.1,ZCW,ZPP.2,ZTP,2MK,2MT.1,302,403,417,507,5AC,6FL,6NF,655,752",,"$73,930.00",,550,,21618,,,,,,,,
A75 - Melbourne Red Met.,,NCH3 - BAMBOO BEIGE NOVILLO LEATHER,2010,WBSPM9C55AE202313,C55,E202313,"MSRP.1,ZCW,ZPP.3,ZTP,2MK,403,507,655",,"$69,055.00",,550,,96628,,,,,,,,
300 - Alpine White,,NCSW - BLACK NOVILLO LEATHER,2010,WBSPM9C57AE202314,C57,E202314,"MSRP.1,ZPP.1,ZTP,2MK,2MT.1,403,494,507,6FL,6NF,655,752",,"$71,655.00",,,,21390,,,,,,,,
668 - Jet Black,,NCSW - BLACK NOVILLO LEATHER,2010,WBSPM9C59AE202315,C59,E202315,"MSRP.1,ZCW,ZPP.2,ZTP,2MK,2MT.1,403,6FL,655,752",,"$71,625.00",,,,,,,,,,,,
A52 - Space Gray Metallic,,NCH1 - PALLADIUM NOVILLO,2010,WBSPM9C50AE202316,C50,E202316,"MSRP.1,ZPP.2,ZTP,2MK,2MT.1,302,403,417,494,6FL",,"$70,400.00",12-04-2009,550,,,,,,,,,,
668 - Jet Black,,NCSW - BLACK NOVILLO LEATHER,2010,WBSPM9C52AE202317,C52,E202317,"MSRP.1,ZPP.3,ZTP,2MT.1,302,465,507,6FL,655,752",,"$67,930.00",,,,46697,,,,,,,,
A52 - Space Gray Metallic,,NCSW - BLACK NOVILLO LEATHER,2010,WBSPM9C54AE202318,C54,E202318,"MSRP.1,ZPP.3,ZTP,2MT.1,6FL,655,752",,"$67,225.00",,550,,33204,,,,,,,,
A52 - Space Gray Metallic,,NDH2 - Fox Red Extended Novillo Leather,2010,WBSPM9C56AE202319,C56,E202319,"MSRP.1,ZPP.1,ZTP,2MK,2MT.1,6FL,6NF,653",,"$69,125.00",,550/1100,,86310,,,,,,,,
668 - Jet Black,,NCSW - BLACK NOVILLO LEATHER,2010,WBSPM9C52AE202320,C52,E202320,"MSRP.1,ZCW,ZPP.1,ZTP,2MT.1,403,6FL,655",,"$66,825.00",,,,BMW of Toledo,,,,,,,,
A52 - Space Gray Metallic,,NCSW - BLACK NOVILLO LEATHER,2010,WBSPM9C54AE202321,C54,E202321,"MSRP.1,ZPP.3,ZTP,2MK,2MT.1,403,494,6FL,6NF,655,752",,"$71,825.00",,550,,36299,,,,,,,,
A73 - Jerez Black Met.,,NCSW - BLACK NOVILLO LEATHER,2010,WBSPM9C56AE202322,C56,E202322,"MSRP.1,ZCW,ZPP.1,ZTP,2MT.1,326,403,6FL,655",,"$67,375.00",12-07-2009,550,,56398,,,,,,,,
300 - Alpine White,,NCH2 - FOX RED NOVILLO,2010,WBSPM9C58AE202323,C58,E202323,"MSRP.1,ZPP.3,ZTP,2MT.1,326,403,494,655",,"$65,925.00",,,,,,,,,,,,
A52 - Space Gray Metallic,,NCH2 - FOX RED NOVILLO,2010,WBSPM9C5XAE202324,C5X,E202324,"MSRP.1,ZCW,ZPP.3,ZTP,2MK,403,507,6FL,752",,"$71,005.00",,550,,,,,,,,,,
A52 - Space Gray Metallic,,NDH2 - Fox Red Extended Novillo Leather,2010,WBSPM9C51AE202325,C51,E202325,"MSRP.1,ZPP.3,ZTP,2MK,2MT.1,302,403,507,6FL",,"$70,805.00",,550/1100,,23372,,,,,,,,
A52 - Space Gray Metallic,,NCSW - BLACK NOVILLO LEATHER,2010,WBSPM9C53AE202326,C53,E202326,"MSRP.1,ZCW,ZPP.3,ZTP,2MT.1,403,6FL,655,752",,"$69,275.00",,550,,,,,,,,,,
A29 - SIlverstone II,,NDH1 - EXT. PALLADIUM,2010,WBSPM9C55AE202327,C55,E202327,"MSRP.1,ZCW,ZPP.3,ZTP,2MK,2MT.1,302,417,507,5AC,6FL,6NF,752 ",,"$73,630.00",12-08-2009,550/1100,,95267,,,,,,,,
300 - Alpine White,,NCSW - BLACK NOVILLO LEATHER,2010,WBSPM9C57AE202328,C57,E202328,"MSRP.1,ZPP.3,ZTP,2MK,2MT.1,302,6FL,6NF",,"$67,875.00",,,,16491,,,,,,,,
668 - Jet Black,,NCSW - BLACK NOVILLO LEATHER,2010,WBSPM9C59AE202329,C59,E202329,"MSRP.1,ZPP.3,ZTP,2MK,2MT.1,302,494,6FL,6NF,655",,"$68,725.00",,,,,,,,,,,,
668 - Jet Black,,NCSW - BLACK NOVILLO LEATHER,2010,WBSPM9C55AE202330,C55,E202330,"MSRP.1,ZPP.3,ZTP,2MK,2MT.1,403,494,6FL,655,752",,"$71,125.00",,,,,,,,,,,,
668 - Jet Black,,NCSW - BLACK NOVILLO LEATHER,2010,WBSPM9C57AE202331,C57,E202331,"MSRP.1,ZPP.1,ZTP",,"$62,825.00",,,,,,,,,,,,
300 - Alpine White,,NDSW - EXT. BLACK  NOVILLO LEATHER,2010,WBSPM9C59AE202332,C59,E202332,"MSRP.1,ZCW,ZPP.3,ZTP,2MK,2MT.1,302,403,417,507,5AC,6FL,6NF,655,752",,"$74,480.00",,1100,,,,,,,,,,
A73 - Jerez Black Met.,,NCSW - BLACK NOVILLO LEATHER,2010,WBSPM9C50AE202333,C50,E202333,"MSRP.1,ZCW,ZPP.3,ZTP,2MK,302,403,417,507,6FL,6NF,752",,"$72,130.00",12-10-2009,$550.00,,,,,,,,,,
300 - Alpine White,,NDH1 - EXT. PALLADIUM,2010,WBSPM9C52AE202334,C52,E202334,"MSRP.1,ZCW,ZPP.3,ZTP,2MK,2MT.1,302,403,417,507,6FL,6NF,752",,"$73,880.00",,"$1,100.00",,,,,,,,,,
A52 - Space Gray Metallic,,NCSW - BLACK NOVILLO LEATHER,2010,WBSPM9C54AE202335,C54,E202335,"MSRP.1,ZPP.3,ZTP,2MK,2MT.1,302,403,494,6FL,655,752",,"$72,075.00",,$550.00,,,,,,,,,,
668 - Jet Black,,NCSW - BLACK NOVILLO LEATHER,2010,WBSPM9C56AE202336,C56,E202336,"MSRP.1,ZPP.3,ZTP,2MK,2MT.1,302,403,494,6FL,6NF,655,752",,"$71,675.00",,,,,,,,,,,,
668 - Jet Black,,NCSW - BLACK NOVILLO LEATHER,2010,WBSPM9C58AE202337,C58,E202337,"MSRP.1,ZPP.3,ZTP,2MK,2MT.1,403,6FL,6NF,655,752",,"$70,775.00",,,,,,,,,,,,
300 - Alpine White,,NCSW - BLACK NOVILLO LEATHER,2010,WBSPM9C5XAE202338,C5X,E202338,"MSRP.1,ZPP.1,ZTP,2MK,2MT.1,302,403,507,5AC,6FL,6NF,655,752",,"$71,805.00",,,,,,,,,,,,
300 - Alpine White,,NCSW - BLACK NOVILLO LEATHER,2010,WBSPM9C51AE202339,C51,E202339,"MSRP.1,ZPP.3,ZTP,2MK,2MT.1,302,403,417,494,6FL",,"$69,850.00",,,,,,,,,,,,
A73 - Jerez Black Met.,,NCSW - BLACK NOVILLO LEATHER,2010,WBSPM9C58AE202340,C58,E202340,"MSRP.1,ZCW,ZPP.3,ZTP,2MT.1,403,417,6FL,6NF,655,752",,"$70,000.00",,$550.00,,,,,,,,,,
A52 - Space Gray Metallic,,NCSW - BLACK NOVILLO LEATHER,2010,WBSPM9C5XAE202341,C5X,E202341,"MSRP.1,ZCW,ZPP.3,ZTP,2MK,2MT.1,403,6FL,655,752",,"$72,175.00",,$550.00,,,,,,,,,,
A73 - Jerez Black Met.,,NCSW - BLACK NOVILLO LEATHER,2010,WBSPM9C51AE202342,C51,E202342,"MSRP.1,ZCW,ZPP.3,ZTP,2MK,2MT.1,302,403,507,6FL,655,752",,"$72,955.00",,$550.00,,,,,,,,,,
A52 - Space Gray Metallic,,NCSW - BLACK NOVILLO LEATHER,2010,WBSPM9C53AE202343,C53,E202343,"MSRP.1,ZPP.2,ZTP,2MK,2MT.1,403,494,6FL,655,752",,"$71,675.00",12-09-2009,$550.00,,,,,,,,,,
A73 - Jerez Black Met.,,NCSW - BLACK NOVILLO LEATHER,2010,WBSPM9C55AE202344,C55,E202344,"MSRP.1,ZPP.2,ZTP,2MK,2MT.1,403,507,6FL,655,752",,"$71,555.00",,$550.00,,,,,,,,,,
A52 - Space Gray Metallic,,NCSW - BLACK NOVILLO LEATHER,2010,WBSPM9C57AE202345,C57,E202345,"MSRP.1,ZPP.2,ZTP,2MT.1,494,6FL,655",,"$65,825.00",,$550.00,,,,,,,,,,
300 - Alpine White,,NCSW - BLACK NOVILLO LEATHER,2010,WBSPM9C59AE202346,C59,E202346,"MSRP.1,ZCW,ZPP.1,ZTP,302,403,507,6FL,752",,"$67,955.00",,,,,,,,,,,,
A73 - Jerez Black Met.,,NDSW - EXT. BLACK  NOVILLO LEATHER,2010,WBSPM9C50AE202347,C50,E202347,"MSRP.1,ZCW,ZPP.3,ZTP,2MT.1,403,507,6FL,655,752",,"$70,755.00",,550/1100,,,,,,,,,,
A73 - Jerez Black Met.,,NCH1 - PALLADIUM NOVILLO,2010,WBSPM9C52AE202348,C52,E202348,"MSRP.1,ZCW,ZPP.3,ZTP,2MK,2MT.1,302,403,507,6FL,655,752",,"$72,955.00",,$550.00,,,,,,,,,,
668 - Jet Black,,NDH2 - Fox Red Extended Novillo Leather,2010,WBSPM9C54AE202349,C54,E202349,"MSRP.1,ZCW,ZPP.3,ZTP,2MK,2MT.1,302,507,6FL,6NF,655,752",,"$72,605.00",,"$1,100.00",,,,,,,,,,
A52 - Space Gray Metallic,,NCSW - BLACK NOVILLO LEATHER,2010,WBSPM9C50AE202350,C50,E202350,"MSRP.1,2MK,2MT.1,639,6FL,655",,"$64,675.00",12-14-2009,550/950,,,,,,,,,,
A73 - Jerez Black Met.,,NCSW - BLACK NOVILLO LEATHER,2010,WBSPM9C52AE202351,C52,E202351,"MSRP.1,ZPP.3,2MK,2MT.1,6FL",,"$64,625.00",,$550.00,,,,,,,,,,
668 - Jet Black,,NCH2 - FOX RED NOVILLO,2010,WBSPM9C54AE202352,C54,E202352,"MSRP.1,ZCW,ZPP.3,ZTP,2MK,2MT.1,302,403,417,507.6FL,6NF,655,752",,"$72,350.00",,,,,,,,,,,,
A52 - Space Gray Metallic,,NCSW - BLACK NOVILLO LEATHER,2010,WBSPM9C56AE202353,C56,E202353,"MSRP.1,ZPP.1,403,6FL",,"$61,575.00",,$550.00,,,,,,,,,,
A73 - Jerez Black Met.,,NCH3 - BAMBOO BEIGE NOVILLO LEATHER,2010,WBSPM9C58AE202354,C58,E202354,"MSRP.1,ZCW,ZPP.2,ZTP,2MK,2MT.1,403,507,6FL,655,752",,"$72,555.00",,$550.00,,,,,,,,,,
A73 - Jerez Black Met.,,NCSW - BLACK NOVILLO LEATHER,2010,WBSPM9C5XAE202355,C5X,E202355,"MSRP.1,ZPP.3,ZTP,2MK,2MT.1,403,465,494,6FL,752",,"$71,800.00",,$550.00,,,,,,,,,,
A73 - Jerez Black Met.,,NCH1 - PALLADIUM NOVILLO,2010,WBSPM9C51AE202356,C51,E202356,"MSRP.1,ZCW,ZPP.3,ZTP,2MK,2MT.1,403,507.6FL,6NF,752",,"$71,575.00",,$550.00,,,,,,,,,,
668 - Jet Black,,NCSW - BLACK NOVILLO LEATHER,2010,WBSPM9C53AE202357,C53,E202357,"MSRP.1,ZPP.2,ZTP,2MK,2MT.1,302,403,494,6FL,752",,"$71,175.00",,,,,,,,,,,,
A73 - Jerez Black Met.,,NDSW - EXT. BLACK  NOVILLO LEATHER,2010,WBSPM9C55AE202358,C55,E202358,"MSRP.1,ZCW,ZPP.3,ZTP,2MT.1,403,507,6FL,655,752",,"$70,755.00",,550/1100,,,,,,,,,,
668 - Jet Black,,NCSW - BLACK NOVILLO LEATHER,2010,WBSPM9C57AE202359,C57,E202359,"MSRP.1,ZPP.1,ZTP,2MT.1,403,465,494,654,655,6FL",,"$66,800.00",12-15-2009,,,,,,,,,,,
"X04 - Moonstone - $5,000.00",,NDH1 - EXT. PALLADIUM,2010,WBSPM9C53AE202360,C53,E202360,"MSRP.1,IND,ZCW,ZPP.1,ZTP,2MK,2MT.1,6FL,655",,"$74,775.00",,"$1,100.00",,Basney Imports,,,,,,,,
A52 - Space Gray Metallic,,NCSW - BLACK NOVILLO LEATHER,2010,WBSPM9C55AE202361,C55,E202361,"MSRP.1,ZCW,ZPP.1,ZTP,403,507,6FL,655",,"$66,555.00",,$550.00,,,,,,,,,,
A52 - Space Gray Metallic,,NCSW - BLACK NOVILLO LEATHER,2010,WBSPM9C57AE202362,C57,E202362,"MSRP.1,ZPP.3,ZTP,2MT.1,403,507,6FL,6NF,655,752",,"$68,805.00",12-17-2009,$550.00,,https://bringatrailer.com/listing/2010-bmw-m3-sedan-7/,,,,,,,,
A52 - Space Gray Metallic,,NCSW - BLACK NOVILLO LEATHER,2010,WBSPM9C59AE202363,C59,E202363,"MSRP.1,ZCW,ZPP.3,ZTP,2MK,2MT.1,302,403,417,507,5AC,6FL,6NF,655,752",,"$73,930.00",12-17-2009,550,,,,,,,,,,
A52 - Space Gray Metallic,,NCSW - BLACK NOVILLO LEATHER,2010,WBSPM9C50AE202364,C50,E202364,"MSRP.1,ZCW,ZPP.3,ZTP,2MK,2MT.1,302,403,507,6FL,6NF,655,752",,"$73,105.00",,550,,,,,,,,,,
668 - Jet Black,,NCSW - BLACK NOVILLO LEATHER,2010,WBSPM9C52AE202365,C52,E202365,"MSRP.1,ZPP.3,ZTP,2MK,2MT.1,302,403,494,507,6FL,6NF,653,655,752",,"$72,055.00",,,,,,,,,,,,
300 - Alpine White,,NCSW - BLACK NOVILLO LEATHER,2010,WBSPM9C54AE202366,C54,E202366,"MSRP.1,ZCW,ZPP.2,ZTP,2MT.1,403,6FL",,"$66,475.00",,,,,,,,,,,,
300 - Alpine White,,NCSW - BLACK NOVILLO LEATHER,2010,WBSPM9C56AE202367,C56,E202367,"MSRP.1,ZPP.3,ZTP,2MK,2MT.1,403,465,494,6FL,655,752",,"$71,600.00",,,,,,,,,,,,
300 - Alpine White,,NCSW - BLACK NOVILLO LEATHER,2010,WBSPM9C58AE202368,C58,E202368,"MSRP.1,ZPP.1,ZTP,2MK,2MT.1,302,403,494,507,6FL",,"$69,655.00",,,,,,,,,,,,
300 - Alpine White,,NCSW - BLACK NOVILLO LEATHER,2010,WBSPM9C5XAE202369,C5X,E202369,"MSRP.1,ZCW,ZPP.3,ZTP,2MK,2MT.1,302,403,6FL,655,752",,"$72,025.00",,,,,,,,,,,,
A52 - Space Gray Metallic,,NCH1 - PALLADIUM NOVILLO,2010,WBSPM9C56AE202370,C56,E202370,"MSRP.1,ZPP.3,ZTP,2MK,2MT.1,403,494,6FL,655,752",,"$71,675.00",,550,,,,,,,,,,
A52 - Space Gray Metallic,,NCH2 - FOX RED NOVILLO,2010,WBSPM9C58AE202371,C58,E202371,"MSRP.1,ZPP.3,ZTP,2MK,2MT.1,403,6FL,655,752",,"$71,175.00",,550,,,,,,,,,,
300 - Alpine White,,NCSW - BLACK NOVILLO LEATHER,2010,WBSPM9C5XAE202372,C5X,E202372,"MSRP.1,ZPP.1,ZTP,2MK,2MT.1,403,494,507,5AC,6FL,655,752",,"$71,755.00",,,,,,,,,,,,
381 - Le Mans Blue Met.,,NCH1 - PALLADIUM NOVILLO,2010,WBSPM9C51AE202373,C51,E202373,"MSRP.1,ZPP.3,ZTP,2MT.1,302,465,494,507,6FL,6NF,655",,"$67,230.00",,550,,,,,,,,,,
A30 - Interologos Blue Met.,,NDSW - EXT. BLACK  NOVILLO LEATHER,2010,WBSPM9C53AE202374,C53,E202374,"MSRP.1,ZCW,ZPP.3,ZTP,2MK,2MT.1,302,403,507,5AC,6FL,752",,"$73,955.00",,550/1100,,,,,,,,,,
A29 - SIlverstone II,,NCH2 - FOX RED NOVILLO,2010,WBSPM9C55AE202375,C55,E202375,"MSRP.1,ZPP.3,ZTP,2MK,2MT.1,302,403,752",,"$70,825.00",,550,,,,,,,,,,
A29 - SIlverstone II,,NCSW - BLACK NOVILLO LEATHER,2010,WBSPM9C57AE202376,C57,E202376,"MSRP.1,ZPP.1",,"$60,125.00",,550,,,,,,,,,,
A30 - Interologos Blue Met.,,NCH1 - PALLADIUM NOVILLO,2010,WBSPM9C59AE202377,C59,E202377,"MSRP.1,ZPP.3,ZTP,2MK,2MT.1,6FL,655,752",,"$70,125.00",,550,,,,,,,,,,
A30 - Interologos Blue Met.,,NCSW - BLACK NOVILLO LEATHER,2010,WBSPM9C50AE202378,C50,E202378,"MSRP.1,ZPP.3,ZTP,2MK,2MT.1,6FL,655,752",,"$70,125.00",12-17-2009,550,,,,,,,,,,
A29 - SIlverstone II,,NCSW - BLACK NOVILLO LEATHER,2010,WBSPM9C52AE202379,C52,E202379,"MSRP.1,ZPP.3,ZTP,2MK,302,403",,"$67,725.00",,550,,,,,,,,,,
A75 - Melbourne Red Met.,,NCH3 - BAMBOO BEIGE NOVILLO LEATHER,2010,WBSPM9C59AE202380,C59,E202380,"MSRP.1,ZCW,ZPP.3,ZTP,302,403,6FL,752",,"$68,125.00",,550,,,,,,,,,,
A73 - Jerez Black Met.,,NCSW - BLACK NOVILLO LEATHER,2010,WBSPM9C50AE202381,C50,E202381,"MSRP.1,ZPP.3,ZTP,2MK,2MT.1,6FL,6NF,655",,"$68,375.00",12-18-2009,550,,,,,,,,,,
381 - Le Mans Blue Met.,,NCH1 - PALLADIUM NOVILLO,2010,WBSPM9C52AE202382,C52,E202382,"MSRP.1,ZPP.3,ZTP,2MT.1,302,403,494,507,6FL",,"$67,305.00",,550,,,,,,,,,,
300 - Alpine White,,NCSW - BLACK NOVILLO LEATHER,2010,WBSPM9C54AE202383,C54,E202383,"MSRP.1,ZPP.2,ZTP,2MK,2MT.1,302,403,494,5AC,6FL,6NF,655,752",,"$71,925.00",,,,,,,,,,,,
A52 - Space Gray Metallic,,NCSW - BLACK NOVILLO LEATHER,2010,WBSPM9C56AE202384,C56,E202384,"MSRP.1,ZPP.1,ZTP,2MK,2MT.1,494,6FL,655,752",,"$70,625.00",,550,,,,,,,,,,
300 - Alpine White,,NCSW - BLACK NOVILLO LEATHER,2010,WBSPM9C58AE202385,C58,E202385,"MSRP.1,ZPP.3,ZTP,2MK,2MT.1,403,494,507,6FL,655,752",,"$71,505.00",,,,,,,,,,,,
300 - Alpine White,,NCSW - BLACK NOVILLO LEATHER,2010,WBSPM9C5XAE202386,C5X,E202386,"MSRP.1,ZPP.3,ZTP,2MT.1,507,6FL,6NF,655,752",,"$67,205.00",12-18-2009,,,,,,,,,,,
300 - Alpine White,,NCH2 - FOX RED NOVILLO,2010,WBSPM9C51AE202387,C51,E202387,"MSRP.1,ZCW,ZPP.3,ZTP,2MK,2MT.1,302,403,507,653,6FL,6NF,655,752",,"$72,555.00",,,,,,,,,,,,
A52 - Space Gray Metallic,,NCSW - BLACK NOVILLO LEATHER,2010,WBSPM9C53AE202388,C53,E202388,"MSRP.1,ZCW,ZPP.3,ZTP,2MK,2MT.1,302,403,6FL,655,752",,"$72,575.00",,550,,,,,,,,,,
A73 - Jerez Black Met.,,NCSW - BLACK NOVILLO LEATHER,2010,WBSPM9C55AE202389,C55,E202389,"MSRP.1,ZCW,ZPP.3,ZTP,2MK,2MT.1,302,403,507,6FL,655,752",,"$72,955.00",12-21-2009,550,,,,,,,,,,
A29 - SIlverstone II,,NCSW - BLACK NOVILLO LEATHER,2010,WBSPM9C51AE202390,C51,E202390,"MSRP.1,ZPP.3,ZTP,2MK,2MT.1,6FL,655",,"$68,225.00",,550,,,,,,,,,,
A73 - Jerez Black Met.,,NCSW - BLACK NOVILLO LEATHER,2010,WBSPM9C53AE202391,C53,E202391,"MSRP.1,ZPP.3,ZTP,2MT.1,403,465,494,6FL,655,752",,"$69,250.00",,550,,,,,,,,,,
A73 - Jerez Black Met.,,NCSW - BLACK NOVILLO LEATHER,2010,WBSPM9C55AE202392,C55,E202392,"MSRP.1,ZCW,ZPP.1,ZTP,2MT.1,403,655,6FL",,"$67,375.00",12-22-2009,550,,,,,,,,,,
A73 - Jerez Black Met.,,NCSW - BLACK NOVILLO LEATHER,2010,WBSPM9C57AE202393,C57,E202393,"MSRP.1,ZCW,ZPP.3,ZTP,2MK,2MT.1,302,403,507,6FL,6NF,655,752",,"$73,105.00",,550,,,,,,,,,,
A52 - Space Gray Metallic,,NCSW - BLACK NOVILLO LEATHER,2010,WBSPM9C59AE202394,C59,E202394,"MSRP.1,ZCW,ZPP.1,ZTP,2MK,2MT.1,302,403,417,507,6FL,655,752",,"$73,530.00",,550,,CANADA,,,,,,,,
A52 - Space Gray Metallic,,NCH1 - PALLADIUM NOVILLO,2010,WBSPM9C50AE202395,C50,E202395,"MSRP.1,ZCW,ZTP,2MK,302,403,507,6FL,771",,"$68,455.00",,550//950,,,,,,,,,,
300 - Alpine White,,NDH3 - EXT. BAMBOO ,2010,WBSPM9C52AE202396,C52,E202396,"MSRP.1,ZPP.2,ZTP,2MK,494,507,6FL,655,752",,"$70,355.00",,1100,,,,,,,,,,
300 - Alpine White,,NCH2 - FOX RED NOVILLO,2010,WBSPM9C54AE202397,C54,E202397,"MSRP.1,ZCW,ZPP.1,ZTP,2MK,302,6FL,6NF,655,752",,"$69,925.00",,,,,,,,,,,,
A29 - SIlverstone II,,NCH2 - FOX RED NOVILLO,2010,WBSPM9C56AE202398,C56,E202398,"MSRP.1,ZPP.3,ZTP,2MK,494,655,6FL",,"$67,525.00",,550,,,,,,,,,,
A73 - Jerez Black Met.,,NCSW - BLACK NOVILLO LEATHER,2010,WBSPM9C58AE202399,C58,E202399,"MSRP.1,ZPP.3,ZTP,2MK,2MT.1,302,403,494,6FL,655,752",,"$72,075.00",,550,,,,,,,,,,
A73 - Jerez Black Met.,,NCH2 - FOX RED NOVILLO,2010,WBSPM9C50AE202400,C50,E202400,"MSRP.1,ZCW,ZPP.3,ZTP,403,655,6FL,752",,"$68,075.00",01-13-2010,550,,,,,,,,,,
A29 - SIlverstone II,,GEAT - ANTHRACITE CLOTH,2010,WBSPM9C52AE202401,C52,E202401,"MSRP.1,ZCW,771",,"$59,125.00",,550,,,,,,,,,,
381 - Le Mans Blue Met.,,NCH3 - BAMBOO BEIGE NOVILLO LEATHER,2010,WBSPM9C54AE202402,C54,E202402,"MSRP.1,ZCW,ZPP.3,ZTP,2MK,302,403,417,507,655,6FL,752",,"$72,330.00",,550,,CANADA,,,,,,,,
300 - Alpine White,,NCH3 - BAMBOO BEIGE NOVILLO LEATHER,2010,WBSPM9C56AE202403,C56,E202403,"MSRP.1,403,494,6FL",,"$60,475.00",,950,,,,,,,,,,
668 - Jet Black,,NCSW - BLACK NOVILLO LEATHER,2010,WBSPM9C58AE202404,C58,202404,"MSRP.1,223,2MT.1,465",,"$61,200.00",,950,,,,,,,,,,
668 - Jet Black,,NCSW - BLACK NOVILLO LEATHER,2010,WBSPM9C5XAE202405,C5X,202405,"MSRP.1,ZPP.3,2MT.1,302,6FL",,"$61,575.00",,,,,,,,,,,,
300 - Alpine White,,NDH2 - Fox Red Extended Novillo Leather,2010,WBSPM9C51AE202406,C51,202406,"MSRP.1,ZCW,ZPP.3,ZTP,2MT.1,507,655,6FL",,"$67,255.00",01-18-2010,1100,,,,,,,,,,
300 - Alpine White,,NDSW - EXT. BLACK  NOVILLO LEATHER,2010,WBSPM9C53AE202407,C53,202407,"MSRP.1,ZPP.3,ZTP,2MK,302,417,507,6FL,752",,"$70,480.00",,1100,,,,,,,,,,
A52 - Space Gray Metallic,,NDH1 - EXT. PALLADIUM,2010,WBSPM9C55AE202408,C55,202408,"MSRP.1,ZPP.1,ZTP,2MK,2MT.1,403,465,507,6FL,752",,"$72,780.00",,550/1100,,,,,,,,,,
A30 - Interologos Blue Met.,,NCH2 - FOX RED NOVILLO,2010,WBSPM9C57AE202409,C57,202409,"MSRP.1,ZCW,ZPP.3,2MK,2MT.1,403,6FL",,"$66,675.00",,550,,,,,,,,,,
A30 - Interologos Blue Met.,,NCSW - BLACK NOVILLO LEATHER,2010,WBSPM9C53AE202410,C53,202410,"MSRP.1,ZPP.1,ZTP,2MK,2MT.1,403,494,6FL",,"$69,425.00",,550,,Laurel BMW of Westmont,,,,,,,,
A73 - Jerez Black Met.,,NCSW - BLACK NOVILLO LEATHER,2010,WBSPM9C55AE202411,C55,202411,"MSRP.1,ZPP.3,ZTP,2MK,403,494,6FL,6NF,655,752",,"$70,625.00",,550,,BMW of Carlsbad,,,,,,,,
A52 - Space Gray Metallic,,NCH1 - PALLADIUM NOVILLO,2010,WBSPM9C57AE202412,C57,202412,"MSRP.1,ZPP.1,ZTP,2MK,2MT.1,302,494,507,6NF,6FL",,"$69,305.00",,550,"TOTAL LOSS Vehicle exported from
Seattle, WA and imported to
Lithuania",BMW of Bellevue,,,,,,,,
A52 - Space Gray Metallic,,NCH1 - PALLADIUM NOVILLO,2010,WBSPM9C59AE202413,C59,202413,"MSRP.1,ZPP.3,ZTP,403,465,655,6FL",,"$65,650.00",,550,,Pace BMW,,,,,,,,
668 - Jet Black,,NCSW - BLACK NOVILLO LEATHER,2010,WBSPM9C50AE202414,C50,202414,"MSRP.1,ZPP.1,ZTP,2MT.1,494,507,5AC,655,6FL,752",,"$67,805.00",01-21-2010,,,,,,,,,,,
A52 - Space Gray Metallic,,NCSW - BLACK NOVILLO LEATHER,2010,WBSPM9C52AE202415,C52,202415,"MSRP.1,ZCW,ZPP.3,ZTP,6FL",,"$64,775.00",,550,,,,,,,,,,
300 - Alpine White,,NCH3 - BAMBOO BEIGE NOVILLO LEATHER,2010,WBSPM9C54AE202416,C54,202416,"MSRP.1,ZPP.2,ZTP,2MK,2MT.1,302,403,417,465,494,507,6FL,752",,"$72,605.00",,,,SHELLY BMW,,,,,,,,
A52 - Space Gray Metallic,,NCSW - BLACK NOVILLO LEATHER,2010,WBSPM9C56AE202417,C56,202417,"MSRP.1,ZCW,ZPP.1,ZTP,2MK,2MT.1,302,403,507,6NF,6FL,752",,"$72,755.00",01-22-2010,550,TOTAL LOSS,Elmhurst BMW,,,,,,,,
A73 - Jerez Black Met.,,NDH2 - Fox Red Extended Novillo Leather,2010,WBSPM9C58AE202418,C58,202418,"MSRP.1,ZCW,ZPP.3,ZTP,2MK,2MT.1,302,403,417,507,5AC,6NF,6FL,752",,"$74,680.00",,550/1100,EXPORTED TO CANADA,BMW Of Salem,,,,,,,,
300 - Alpine White,,NCSW - BLACK NOVILLO LEATHER,2010,WBSPM9C5XAE202419,C5X,202419,"MSRP.1,ZPP.3,ZTP,302",,"$63,225.00",,,,,,,,,,,,
A73 - Jerez Black Met.,,NCSW - BLACK NOVILLO LEATHER,2010,WBSPM9C56AE202420,C56,202420,"MSRP.1,ZPP.2,ZTP,2MT.1,403,417,494,507.6FL,655",,"$67,050.00",,550,,BMW & Mini of Sterling,,,,,,,,
A30 - Interologos Blue Met.,,NDSW - EXT. BLACK  NOVILLO LEATHER,2010,WBSPM9C58AE202421,C58,202421,"MSRP.1,ZPP.1,ZTP,2MK,2MT.1,655,752",,"$70,825.00",01-26-2010,550/1100,,BMW of Arlington,,,,,,,,
,,,,,,,,,,,,,,,,,,,,,
A75 - Melbourne Red Met.,,NCSW - BLACK NOVILLO LEATHER,2010,WBSPM9C51AE202423,C51,202423,"MSRP.1,ZCW,ZPP.3,ZTP,2MK,2MT.1,653,6NF,752",,"$70,525.00",02-03-2010,550,,"BMW AG, Regensburg",,,,,,,,
,,,,,,,,,,,,,,,,,,,,,
,,,,,,,,,,,,,,,,,,,,,
,,,,,,,,,,,,,,,,,,,,,
,,,,,,,,,,,,,,,,,,,,,
,,MSRP.1,MSRP,,"$55,400.00",,,,,,,,,,,,,,,,
,,MSRP,MSRP,,"$55,900.00",,,,,,,,,,,,,,,,
,,Z9B,INDIVIDUAL PAINT Canada,,"$3,900.00",,,,,,,,,,,,,,,,
,,IND,INDIVIDUAL PAINT,,"$5,000.00",,,,,,,,,,,,,,,,
,,ZCP,Competition Package                                                                                                                          - Dynamic Damper Control,,"$2,500.00",,,,,,,,,,,,,,,,
,,ZCV,"Convenience Package                                                                                                                     - Anti-theft alarm system
- Comfort Access keyless entry
- Park Distance Control (rear)
- Navigation System
- Voice-Command
- iPod & USB adapter
- Real Time Traffic Information",,"$2,900.00",,,,,,,,,,,,,,,,
,,,,,,,,,,,,,,,,,,,,,
,,ZCW,"Cold Weather Package                                                                                                                      - Split fold-down-rear seat
- Heated front seats
- Retractable headlight washers",,"$1,000.00",,,,,,,,,,,,,,,,
,,ZPP.1,"Premium Package                                                                                                                    - Power-folding auto mirrors
- Universal garage-door opener
- Power front seats
- Carbon Leather interior trim
- Interior mirror with compass
- BMW Assist w/enhanced BT & USB",,"$2,000.00",,,,,,,,,,,,,,,,
,,ZPP.2,,,"$2,000.00",,,,,,,,,,,,,,,,
,,ZPP.3,,,"$2,000.00",,,,,,,,,,,,,,,,
,,ZP2,,,"$2,500.00",,,,,,,,,,,,,,,,
,,ZP2.1,,,"$2,500.00",,,,,,,,,,,,,,,,
,,ZP2.2,,,"$2,500.00",,,,,,,,,,,,,,,,
,,ZP2.3,,,"$2,500.00",,,,,,,,,,,,,,,,
,,ZP2.4,"Premium Package 2                                                                                                                     - Power-folding auto mirrors
- Universal garage-door opener
- Power front seats
- Carbon Leather interior trim
- Interior mirror with compass
- BMW Assist w/enhanced BT & USB",,"$2,500.00",,,,,,,,,,,,,,,,
,,,,,,,,,,,,,,,,,,,,,
,,"ZP3,",,,"$2,500.00",,,,,,,,,,,,,,,,
,,ZP3.1,,,"$2,500.00",,,,,,,,,,,,,,,,
,,ZP3.2,,,"$2,500.00",,,,,,,,,,,,,,,,
,,ZP3.3,,,"$2,500.00",,,,,,,,,,,,,,,,
,,ZP3.4,"Premium Package 3                                                                                                                     - Power-folding auto mirrors
- Universal garage-door opener
- Power front seats
- Carbon Leather interior trim
- Interior mirror with compass
- BMW Assist w/enhanced BT & USB",,"$2,500.00",,,,,,,,,,,,,,,,
,,,,,,,,,,,,,,,,,,,,,
,,ZTP,"Technology Package                                                                                               
- M Drive
- Comfort Access keyless entry
- Navigation system

        ",,"$3,250.00",,,,,,,,,,,,,,,,
,,,,,,,,,,,,,,,,,,,,,
,,223,Dynamic Damper Control,,"$1,000.00",,,,,,,,,,,,,,,,
,,2MK,M Double-Clutch Transmission,,"$2,900.00",,,,,,,,,,,,,,,,
,,2MT.1,"19"" Alloy Double-Spoke Wheels ",,"$1,200.00",,,,,,,,,,,,,,,,
,,2MT,"19"" Alloy Double-Spoke Wheels ",,"$1,250.00",,,,,,,,,,,,,,,,
,,4MX,BRUSHED ALUMINUM TRIM,,$500.00,,,,,,,,,,,,,,,,
,,4MY,CARBON LEATHER INTERIOR TRIM,,$500.00,,,,,,,,,,,,,,,,
,,4MZ,WALNUT INTERIOR TRIM,,$500.00,,,,,,,,,,,,,,,,
,,403,Moonroof                                                                                                       ,,"$1,050.00",,,,,,,,,,,,,,,,
,,417,"Power rear sunshade                                                                                     
Manual side/rear power shades
                                               ",,$575.00,,,,,,,,,,,,,,,,
,,465,Split-Fold Down Rear Seat                                                                           ,,$475.00,,,,,,,,,,,,,,,,
,,494,Heated Front Seats                                                                                      ,,$500.00,,,,,,,,,,,,,,,,
,,302,Alarm System ,,$400.00,,,,,,,,,,,,,,,,
,,320,Model Desingation - Deletion,,$0.00,,,,,,,,,,,,,,,,
,,507,Rear Park Distance Control ,,$380.00,,,,,,,,,,,,,,,,
,,5AC,Automatic High Beams ,,$250.00,,,,,,,,,,,,,,,,
,,609,Navigation System ,,"$2,100.00",,,,,,,,,,,,,,,,
,,6FL,iPod & USB Adapter ,,$400.00,,,,,,,,,,,,,,,,
,,639,BMW Assist w. Bluetooth ,,$750.00,,,,,,,,,,,,,,,,
,,,,,,,,,,,,,,,,,,,,,
,,6NF,Smartphone Integration,,$150.00,,,,,,,,,,,,,,,,
,,653,HD Radio,,,,,,,,,,,,,,,,,,
,,655, Satellite Radio ,,$350.00,,,,,,,,,,,,,,,,
,,6NR,BMW Apps ,,$250.00,,,,,,,,,,,,,,,,
,,752,Enhanced Premium Sound ,,"$1,900.00",,,,,,,,,,,,,,,,
,,771,TITANIUM SHADOW TRIM,,$0.00,,,,,,,,,,,,,,,,
,,863,EURO DELIVERY,,,,,,,,,,,,,,,,,,
,,XE2,"Ind.fine Wood Trim Maple Wood,anthr",,"$1,080.00",,,,,,,,,,,,,,,,
,,XE3,Ind.Ind.fine Wood Eukalyptus,,"$1,080.00",,,,,,,,,,,,,,,,
,,XE8,Ind.Black Piano Trim,,"$1,080.00",,,,,,,,,,,,,,,,
,,,,,,,,,,,,,,,,,,,,,
,,,M Performance Parts,,,,,,,,,,,,,,,,,,
,,Z04 ,Aluminum Pedals ,,$210.00,,,,,,,,,,,,,,,,
,,Z06, Black Kidney Grilles ,,$162.00,,,,,,,,,,,,,,,,
,,Z10,M Performance Exhaust ,,"$4,067.00",,,,,,,,,,,,,,,,
,,Z12 ,Alcanata Performance Steering Wheel,,$885.00,,,,,,,,,,,,,,,,
,,Z17 ,Carbon Fiber Front Splitters,,$911.00,,,,,,,,,,,,,,,,
,,Z21 ,Carbon Fiber Mirror Caps,,$712.00,,,,,,,,,,,,,,,,
,,Z22,Carbon Fiber Spoiler,,$622.00,,,,,,,,,,,,,,,,
,,Z62 ,Wheel Locks,,,,,,,,,,,,,,,,,,